patient,scenario,detector,mae,rmse,error_ratio,n_drifts,n_imputed,sae,sse
A7EM0B6,S3,Media,28.486737607059435,36.54424095321468,1.2828510395714277,0,38530,1097594.0,51456104.0
A7EM0B6,S3,Sem detector (HT),24.432442252790032,31.82335180677881,1.3025039198913804,0,38530,941382.0,39020322.0
A7EM0B6,S3,ADWIN,17.0291720737088,25.18334327713592,1.4788354459120348,6169,38530,656134.0,24435756.0
A7EM0B6,S3,KSWIN,19.02636906306774,30.09383628936252,1.581690977905918,5318,38530,733086.0,34894270.0
A7EM0B6,S3,PH,15.822242408512848,23.3227109285306,1.4740458606538775,12707,38530,609631.0,20958349.0
ASFODQR,S3,Media,47.34550023375409,58.06064752903942,1.2263181768569882,0,85560,4050881.0,288426079.0
ASFODQR,S3,Sem detector (HT),38.84237961664329,50.46757692529544,1.2992915836616497,0,85560,3323354.0,217919294.0
ASFODQR,S3,ADWIN,25.271283309957923,37.772984420530776,1.4946998914632352,12904,85560,2162211.0,122076867.0
ASFODQR,S3,KSWIN,33.65840345956054,88.23703923807528,2.621545592442885,11595,85560,2879813.0,666150917.0
ASFODQR,S3,PH,23.450572697522208,37.52510037318708,1.6001784202546143,29763,85560,2006431.0,120479873.0
A1ZJ41O,S3,Media,22.76647193824327,28.18610360567512,1.2380532074593391,0,47930,1091197.0,38078297.0
A1ZJ41O,S3,Sem detector (HT),20.7795535155435,26.687411692281035,1.284311122099825,0,47930,995964.0,34136606.0
A1ZJ41O,S3,ADWIN,18.42284581681619,28.581826779128907,1.5514338589882624,7334,47930,883007.0,39155015.0
A1ZJ41O,S3,KSWIN,27.418652201126644,62.480336151396365,2.278753007006997,6730,47930,1314176.0,187108770.0
A1ZJ41O,S3,PH,17.949155017734196,26.727008151685183,1.489039908858008,14524,47930,860303.0,34237979.0
ATHKM6V,S3,Media,18.82023572076156,23.519960466474323,1.249716571856125,0,27575,518968.0,15254174.0
ATHKM6V,S3,Sem detector (HT),14.978168631006346,19.50774168103799,1.3024116740584002,0,27575,413023.0,10493721.0
ATHKM6V,S3,ADWIN,12.576282864913871,19.043980209774453,1.514277343658084,3993,27575,346791.0,10000713.0
ATHKM6V,S3,KSWIN,16.775013599274704,34.038442882056096,2.029115665428004,3643,27575,462571.0,31948825.0
ATHKM6V,S3,PH,12.26099728014506,18.568266635273798,1.5144173194901902,7790,27575,338097.0,9507323.0
APGIB2T,S3,Media,17.843169398907104,21.53449133227648,1.2068759114956038,0,9150,163265.0,4243169.0
APGIB2T,S3,Sem detector (HT),15.072786885245902,18.895253401129505,1.2536005149535585,0,9150,137916.0,3266830.0
APGIB2T,S3,ADWIN,38.06415300546448,100.55421233089312,2.641703660566349,1352,9150,348287.0,92517019.0
APGIB2T,S3,KSWIN,13.80448087431694,18.93500819960545,1.371656665107472,1271,9150,126311.0,3280591.0
APGIB2T,S3,PH,14.184371584699454,22.6054130564684,1.5936844943383068,3426,9150,129787.0,4675693.0
AV2GF3B,S3,Media,23.14951664876477,28.524996105042607,1.232206984613852,0,4655,107761.0,3787659.0
AV2GF3B,S3,Sem detector (HT),20.98002148227712,26.879194274661483,1.2811804934216913,0,4655,97662.0,3363196.0
AV2GF3B,S3,ADWIN,49.10010741138561,161.97565092636071,3.2988858775653287,689,4655,228561.0,122129099.0
AV2GF3B,S3,KSWIN,31.31514500537057,108.6437234570711,3.4693667692881074,652,4655,145772.0,54945100.0
AV2GF3B,S3,PH,17.144360902255638,24.86081988186856,1.4500872924693091,1862,4655,79807.0,2877071.0
AQC0L71,S3,Media,19.144688408136908,23.28439869254436,1.216232836813786,0,30970,592911.0,16790795.0
AQC0L71,S3,Sem detector (HT),14.64559250887956,18.308891251790048,1.250129773902247,0,30970,453574.0,10381624.0
AQC0L71,S3,ADWIN,15.976557959315466,32.25206763864968,2.0187118978180427,4502,30970,494794.0,32214866.0
AQC0L71,S3,KSWIN,11.598643848886018,16.193332678862152,1.3961401772343778,4196,30970,359210.0,8121078.0
AQC0L71,S3,PH,11.794284791733936,19.270532076786075,1.6338872951662056,10290,30970,365269.0,11500815.0
AJWW3IY,S3,Media,24.81159074648223,28.39150082932849,1.1442837792798033,0,41930,1040350.0,33798822.0
AJWW3IY,S3,Sem detector (HT),17.585642737896496,21.38400564887747,1.2159922709447306,0,41930,737366.0,19173570.0
AJWW3IY,S3,ADWIN,12.73000238492726,21.1366337422206,1.6603794015975255,6242,41930,533769.0,18732533.0
AJWW3IY,S3,KSWIN,13.857929883138564,20.257926050096557,1.4618291635856155,5754,41930,581063.0,17207383.0
AJWW3IY,S3,PH,12.662699737658002,21.555496348903755,1.702282830319287,13251,41930,530947.0,19482331.0
A0NVTRV,S3,Media,21.78920492721165,26.890844010579958,1.2341360825422814,0,22325,486444.0,16143598.0
A0NVTRV,S3,Sem detector (HT),17.53854423292273,21.619366292289403,1.2326773536714808,0,22325,391548.0,10434638.0
A0NVTRV,S3,ADWIN,15.098633818589024,22.621434899433204,1.498243825979958,3226,22325,337077.0,11424357.0
A0NVTRV,S3,KSWIN,14.70508398656215,20.804120317198045,1.4147569871895556,3054,22325,328291.0,9662515.0
A0NVTRV,S3,PH,16.403852183650617,27.79641070225312,1.6945050705807525,5971,22325,366216.0,17249198.0
AFPB8J2,S3,Media,21.96728347749918,27.107454744119345,1.233992121596882,0,45665,1003136.0,33555286.0
AFPB8J2,S3,Sem detector (HT),16.920179568597394,21.75096197582933,1.2855042044705909,0,45665,772660.0,21604310.0
AFPB8J2,S3,ADWIN,15.19421876710829,23.184310948798764,1.525863968668599,6489,45665,693844.0,24545498.0
AFPB8J2,S3,KSWIN,14.99664951275594,19.11837071985253,1.2748428042937665,6112,45665,684822.0,16691110.0
AFPB8J2,S3,PH,15.645176831271216,22.996743541454777,1.4698934879080063,15898,45665,714437.0,24149945.0
AURCTAK,S3,Media,26.64050279329609,33.25855205681993,1.2484205840585425,0,7160,190746.0,7919900.0
AURCTAK,S3,Sem detector (HT),23.483938547486037,30.701343391348846,1.3073336625059189,0,7160,168145.0,6748819.0
AURCTAK,S3,ADWIN,37.56745810055866,100.86323571270036,2.684856543733004,1069,7160,268983.0,72841489.0
AURCTAK,S3,KSWIN,22.2054469273743,30.214450000402383,1.3606774094312324,1009,7160,158991.0,6536457.0
AURCTAK,S3,PH,20.94594972067039,29.657130526425725,1.4158885570683268,3043,7160,149973.0,6297545.0
A4G0044,S3,Media,28.58,34.9719907101124,1.22365257908021,0,7450,212921.0,9111649.0
A4G0044,S3,Sem detector (HT),23.99570469798658,31.397901011364805,1.308480055349211,0,7450,178768.0,7344420.0
A4G0044,S3,ADWIN,24.25785234899329,40.65734865925224,1.6760489788758872,975,7450,180721.0,12314999.0
A4G0044,S3,KSWIN,22.119060402684564,30.03063983432688,1.357681532922714,1021,7450,164787.0,6718703.0
A4G0044,S3,PH,22.973825503355705,32.05974498217582,1.3954900535608652,2971,7450,171155.0,7657313.0
A0VFT1N,S3,Media,32.20194452387761,38.29919165220681,1.1893440665922557,0,52455,1689153.0,76942467.0
A0VFT1N,S3,Sem detector (HT),23.355790677723764,31.7060406699608,1.3575237553486603,0,52455,1225128.0,52731596.0
A0VFT1N,S3,ADWIN,18.56820131541321,26.988704712542503,1.4534905268470752,7580,52455,973995.0,38207707.0
A0VFT1N,S3,KSWIN,17.082661328757982,23.44575569497952,1.372488469083533,7099,52455,896071.0,28834695.0
A0VFT1N,S3,PH,17.08809455723954,25.64313429514588,1.500643281745062,16941,52455,896356.0,34492852.0
A3OU183,S3,Media,19.45416204217536,23.058296048237576,1.1852628757922692,0,4505,87641.0,2395241.0
A3OU183,S3,Sem detector (HT),14.849944506104327,18.831273726019813,1.2681039796666504,0,4505,66899.0,1597549.0
A3OU183,S3,ADWIN,14.270588235294118,19.11326714960253,1.3393468324123787,611,4505,64289.0,1645753.0
A3OU183,S3,KSWIN,15.855049944506105,21.728590187136685,1.370452333054038,623,4505,71427.0,2126953.0
A3OU183,S3,PH,14.536736958934515,21.553001032248744,1.4826574280827112,1693,4505,65488.0,2092716.0
AUY8KYW,S3,Media,31.155095084320056,37.36914185297025,1.1994552336249371,0,55740,1736585.0,77838277.0
AUY8KYW,S3,Sem detector (HT),24.581431646932185,31.148103626487,1.2671395252267312,0,55740,1370169.0,54079191.0
AUY8KYW,S3,ADWIN,21.32357373519914,32.27511135628565,1.5135882829531826,9188,55740,1188576.0,58063400.0
AUY8KYW,S3,KSWIN,20.38327951202009,33.62669491181821,1.649719560190912,7937,55740,1136164.0,63028262.0
AUY8KYW,S3,PH,17.820362396842484,25.79992260566992,1.4477776619313476,20817,55740,993307.0,37102551.0
AMV7EQF,S3,Media,24.54380038387716,28.009341737501405,1.1411982374131744,0,52100,1278732.0,40873660.0
AMV7EQF,S3,Sem detector (HT),16.679078694817658,21.908989031534,1.313561104447653,0,52100,868980.0,25008198.0
AMV7EQF,S3,ADWIN,18.92767754318618,37.18588157980879,1.9646299180110145,7871,52100,986132.0,72043348.0
AMV7EQF,S3,KSWIN,22.11489443378119,67.33075861493161,3.044588741607637,7200,52100,1152186.0,236191758.0
AMV7EQF,S3,PH,16.416218809980805,27.33769166913229,1.6652855316786714,19589,52100,855285.0,38936903.0
AOYM4KG,S3,Media,36.66397727272727,45.24967478537076,1.234172562588566,0,8800,322643.0,18018291.0
AOYM4KG,S3,Sem detector (HT),29.654886363636365,39.69804924220287,1.338668061492952,0,8800,260963.0,13868229.0
AOYM4KG,S3,ADWIN,33.51602272727273,71.80543234071057,2.142421042168613,1287,8800,294941.0,45372977.0
AOYM4KG,S3,KSWIN,23.29375,32.54193623059887,1.3970243619253608,1250,8800,204985.0,9319003.0
AOYM4KG,S3,PH,22.988636363636363,34.973840873637904,1.5213534339496468,3159,8800,202300.0,10763892.0
AKXN5ZZ,S3,Media,19.83164251207729,23.04756511323817,1.1621611825244635,0,49680,985236.0,26389532.0
AKXN5ZZ,S3,Sem detector (HT),14.598611111111111,17.684284465853946,1.2113675973185083,0,49680,725259.0,15536621.0
AKXN5ZZ,S3,ADWIN,10.998530595813204,16.947893645931828,1.540923444117468,8151,49680,546407.0,14269641.0
AKXN5ZZ,S3,KSWIN,11.69279388083736,17.37684987082447,1.486116153924716,7111,49680,580898.0,15001120.0
AKXN5ZZ,S3,PH,12.546859903381645,21.58438109481893,1.720301434863514,16239,49680,623328.0,23145192.0
AYEFCWQ,S3,Media,26.52709804207002,34.1627994014674,1.2878453326212964,0,68695,1822279.0,80173719.0
AYEFCWQ,S3,Sem detector (HT),26.872348788121407,35.61649983892148,1.3253958602481863,0,68695,1845996.0,87142016.0
AYEFCWQ,S3,ADWIN,19.61874954509062,29.76755522472519,1.5173013527854633,11382,68695,1347710.0,60871144.0
AYEFCWQ,S3,KSWIN,21.162457238518087,33.901005251630984,1.6019408743294368,9681,68695,1453755.0,78949663.0
AYEFCWQ,S3,PH,19.66930635417425,29.765005579925752,1.5132717465458043,24104,68695,1351183.0,60860717.0
AJMQUVV,S3,Media,24.53465181058496,27.91661845365091,1.1378444931346805,0,53850,1321191.0,41967329.0
AJMQUVV,S3,Sem detector (HT),19.63290622098421,23.219861507572052,1.1827011878024456,0,53850,1057232.0,29033872.0
AJMQUVV,S3,ADWIN,13.226295264623957,18.773772178756992,1.4194278747859754,8184,53850,712236.0,18979676.0
AJMQUVV,S3,KSWIN,17.840575673166203,42.64292870590067,2.3902215649935217,7419,53850,960715.0,97921883.0
AJMQUVV,S3,PH,13.11229340761374,21.722186562214212,1.6566275545360418,18844,53850,706097.0,25409305.0
AHYIJDV,S3,Media,30.013646261795305,37.15353148770957,1.2378879648156147,0,41330,1240464.0,57051308.0
AHYIJDV,S3,Sem detector (HT),27.523542221146865,34.347888578402284,1.2479457877341145,0,41330,1137548.0,48760202.0
AHYIJDV,S3,ADWIN,21.80437938543431,32.69308590446812,1.4993816300182177,5845,41330,901175.0,44175069.0
AHYIJDV,S3,KSWIN,20.782990563755146,28.587723732777864,1.3755346539315627,5643,41330,858961.0,33777271.0
AHYIJDV,S3,PH,21.52204210016937,31.557931244577084,1.4663074766649926,13323,41330,889506.0,41160672.0
A1K5DRI,S3,Media,25.278358839545582,30.767723389190675,1.2171566826979885,0,53255,1346199.0,50413995.0
A1K5DRI,S3,Sem detector (HT),20.30748286545864,26.58777877679032,1.309260185171149,0,53255,1081475.0,37646491.0
A1K5DRI,S3,ADWIN,15.064669984039057,23.105508429017583,1.533754702459314,7713,53255,802269.0,28430955.0
A1K5DRI,S3,KSWIN,15.096084874659656,22.69943130932954,1.5036634662430184,7183,53255,803942.0,27440394.0
A1K5DRI,S3,PH,14.414496291428035,22.857463079694192,1.5857274938762165,17806,53255,767644.0,27823800.0
AAXAA7Z,S3,Media,34.909738527214515,45.84676666760772,1.3132944731702028,0,37480,1308417.0,78780187.0
AAXAA7Z,S3,Sem detector (HT),29.44615795090715,41.1591705606174,1.3977772797808892,0,37480,1103642.0,63494018.0
AAXAA7Z,S3,ADWIN,26.84722518676628,42.21230138802969,1.5723152427997389,5708,37480,1006234.0,66784802.0
AAXAA7Z,S3,KSWIN,23.92812166488794,36.901389405025725,1.5421766038232212,4894,37480,896826.0,51036986.0
AAXAA7Z,S3,PH,23.13834044823906,37.14695821736366,1.6054288033518291,12114,37480,867225.0,51718521.0
AX6281V,S3,Media,29.62953876349362,36.953973706738914,1.247200437432043,0,40760,1207700.0,55661700.0
AX6281V,S3,Sem detector (HT),24.33155053974485,32.063260887255986,1.317764802324522,0,40760,991754.0,41903428.0
AX6281V,S3,ADWIN,16.497080471050047,22.219652976817752,1.3468839541523714,5660,40760,672421.0,20123741.0
AX6281V,S3,KSWIN,22.868351324828264,59.31420344342134,2.5937245147630588,5426,40760,932114.0,143400802.0
AX6281V,S3,PH,15.996221786064767,22.64404983942846,1.4155873894643671,12324,40760,652006.0,20899812.0
AIFDJZB,S3,Media,38.42488960256925,46.24444588912415,1.2035023748261349,0,74730,2871492.0,159813750.0
AIFDJZB,S3,Sem detector (HT),31.37337080155225,41.18184145107833,1.312636812651345,0,74730,2344532.0,126737900.0
AIFDJZB,S3,ADWIN,27.08849190418841,88.29923690983912,3.2596586484826173,12384,74730,2024323.0,582651519.0
AIFDJZB,S3,KSWIN,21.508952228020878,45.42617175324403,2.1119658118011397,10586,74730,1607364.0,154208126.0
AIFDJZB,S3,PH,16.97678308577546,25.67510857467123,1.512365943827364,26390,74730,1268675.0,49262853.0
AA2KP1S,S3,Media,17.904943123061013,21.30903163846689,1.190120040706609,0,48350,865704.0,21954518.0
AA2KP1S,S3,Sem detector (HT),14.21491209927611,16.87378966512487,1.1870484704568918,0,48350,687291.0,13766443.0
AA2KP1S,S3,ADWIN,9.760248190279214,15.352080322131153,1.572919051118102,6896,48350,471908.0,11395436.0
AA2KP1S,S3,KSWIN,10.269327817993796,15.849881336025222,1.5434195515945304,6572,48350,496522.0,12146426.0
AA2KP1S,S3,PH,11.854974146845915,22.46113591696678,1.8946592070757653,14897,48350,573188.0,24392702.0
A36HR6Y,S3,Media,23.95842179050671,28.47431230153704,1.188488647145352,0,24965,598122.0,20241284.0
A36HR6Y,S3,Sem detector (HT),19.36995794111757,25.251769692868464,1.3036564028497597,0,24965,483571.0,15918979.0
A36HR6Y,S3,ADWIN,14.959222912076909,27.00512224149688,1.805249002586562,3935,24965,373457.0,18206391.0
A36HR6Y,S3,KSWIN,20.09208892449429,44.62884164875528,2.2212146191702447,3442,24965,501599.0,49723627.0
A36HR6Y,S3,PH,16.7943520929301,26.775356722528763,1.5943072155668545,9472,24965,419271.0,17897901.0
A4E0D03,S3,Media,24.14762443438914,28.17165506890333,1.1666429194908088,0,44200,1067325.0,35078983.0
A4E0D03,S3,Sem detector (HT),16.97816742081448,21.006047933244265,1.237238826346581,0,44200,750435.0,19503429.0
A4E0D03,S3,ADWIN,21.260475113122173,53.26091904706073,2.5051612799653555,6323,44200,939713.0,125383267.0
A4E0D03,S3,KSWIN,16.94920814479638,30.88624252601092,1.8222823309591245,5853,44200,749155.0,42165031.0
A4E0D03,S3,PH,15.093755656108597,23.311371586607013,1.5444381184991995,14078,44200,667144.0,24019166.0
AZIK4ZA,S3,Media,37.24262997631668,44.41290924127987,1.1925288109224004,0,44335,1651152.0,87451076.0
AZIK4ZA,S3,Sem detector (HT),23.996165557685803,32.13773925504714,1.339286444652556,0,44335,1063870.0,45790708.0
AZIK4ZA,S3,ADWIN,14.393120559377468,21.36370876811561,1.484299994569047,7185,44335,638119.0,20234851.0
AZIK4ZA,S3,KSWIN,16.58459456411413,28.457485617159502,1.7158987822793104,6073,44335,735278.0,35903746.0
AZIK4ZA,S3,PH,13.96179091011616,23.55150277496719,1.6868539950632482,14502,44335,618996.0,24591440.0
AYWIEKR,S3,Media,26.994443376273797,32.23209816748528,1.194027145446348,0,52010,1403981.0,54033613.0
AYWIEKR,S3,Sem detector (HT),19.250028840607577,24.21725753242608,1.258037467525255,0,52010,1001194.0,30502594.0
AYWIEKR,S3,ADWIN,13.760257642761008,22.7354416634722,1.6522540677450797,7914,52010,715671.0,26883985.0
AYWIEKR,S3,KSWIN,14.816881368967506,22.919373323115146,1.5468419266093003,7222,52010,770626.0,27320732.0
AYWIEKR,S3,PH,14.05535473947318,23.34137165721464,1.6606746745183552,18207,52010,731019.0,28336069.0
