patient,scenario,detector,params,mae,rmse,error_ratio,n_drifts,n_imputed,sae,sse
A7EM0B6,S3,Media,,28.486737607059435,36.54424095321468,1.2828510395714277,0,38530,1097594.0,51456104.0
A7EM0B6,S3,Sem detector (HT),,24.432442252790032,31.82335180677881,1.3025039198913804,0,38530,941382.0,39020322.0
A7EM0B6,S3,ADWIN,delta=0.01,16.783804827407216,23.82094074028985,1.4192813241840907,7247,38530,646680.0,21863356.0
A7EM0B6,S3,KSWIN,alpha=0.01;window_size=100;seed=1,20.860472359200624,35.77565270904739,1.7149972490085224,5449,38530,803754.0,49314444.0
A7EM0B6,S3,PH,delta=0.005;threshold=25.0,16.5085907085388,23.92346673407043,1.4491525749497445,16616,38530,636076.0,22051962.0
ASFODQR,S3,Media,,47.34550023375409,58.06064752903942,1.2263181768569882,0,85560,4050881.0,288426079.0
ASFODQR,S3,Sem detector (HT),,38.84237961664329,50.46757692529544,1.2992915836616497,0,85560,3323354.0,217919294.0
ASFODQR,S3,ADWIN,delta=0.01,23.511465638148668,36.711378716356144,1.561424510124536,15310,85560,2011641.0,115311379.0
ASFODQR,S3,KSWIN,alpha=0.01;window_size=100;seed=1,31.143840579710144,78.34512397214252,2.515589680457826,11956,85560,2664667.0,525163725.0
ASFODQR,S3,PH,delta=0.005;threshold=25.0,21.80244273024778,31.923253244448784,1.4642053479704742,37808,85560,1865417.0,87193691.0
A1ZJ41O,S3,Media,,22.76647193824327,28.18610360567512,1.2380532074593391,0,47930,1091197.0,38078297.0
A1ZJ41O,S3,Sem detector (HT),,20.7795535155435,26.687411692281035,1.284311122099825,0,47930,995964.0,34136606.0
A1ZJ41O,S3,ADWIN,delta=0.01,18.23920300438139,28.525220995455197,1.5639510667545566,8536,47930,874205.0,39000077.0
A1ZJ41O,S3,KSWIN,alpha=0.01;window_size=100;seed=1,25.155288963071147,56.81685963979518,2.258644681967452,6852,47930,1205693.0,154725495.0
A1ZJ41O,S3,PH,delta=0.005;threshold=25.0,17.296828708533276,25.49731968420713,1.474103728137644,19865,47930,829037.0,31159931.0
ATHKM6V,S3,Media,,18.82023572076156,23.519960466474323,1.249716571856125,0,27575,518968.0,15254174.0
ATHKM6V,S3,Sem detector (HT),,14.978168631006346,19.50774168103799,1.3024116740584002,0,27575,413023.0,10493721.0
ATHKM6V,S3,ADWIN,delta=0.01,12.48242973708069,18.887688286614907,1.513141967104895,4669,27575,344203.0,9837237.0
ATHKM6V,S3,KSWIN,alpha=0.01;window_size=100;seed=1,15.374687216681776,33.00959996632096,2.147009529436477,3756,27575,423957.0,30046649.0
ATHKM6V,S3,PH,delta=0.005;threshold=25.0,11.98825022665458,18.005557719609733,1.501933758404235,10664,27575,330576.0,8939818.0
APGIB2T,S3,Media,,17.843169398907104,21.53449133227648,1.2068759114956038,0,9150,163265.0,4243169.0
APGIB2T,S3,Sem detector (HT),,15.072786885245902,18.895253401129505,1.2536005149535585,0,9150,137916.0,3266830.0
APGIB2T,S3,ADWIN,delta=0.01,19.132568306010928,65.44699686698469,3.4207115228969567,1572,9150,175063.0,39192281.0
APGIB2T,S3,KSWIN,alpha=0.01;window_size=100;seed=1,13.947868852459017,19.27612697193737,1.3820123472510983,1302,9150,127623.0,3399857.0
APGIB2T,S3,PH,delta=0.005;threshold=25.0,14.407868852459016,23.20443711102134,1.610539167772963,4288,9150,131832.0,4926780.0
AV2GF3B,S3,Media,,23.14951664876477,28.524996105042607,1.232206984613852,0,4655,107761.0,3787659.0
AV2GF3B,S3,Sem detector (HT),,20.98002148227712,26.879194274661483,1.2811804934216913,0,4655,97662.0,3363196.0
AV2GF3B,S3,ADWIN,delta=0.01,45.23372717508056,161.56197628294575,3.5717148767690072,818,4655,210563.0,121506077.0
AV2GF3B,S3,KSWIN,alpha=0.01;window_size=100;seed=1,36.3686358754028,147.53878552124084,4.05675885195974,671,4655,169296.0,101328612.0
AV2GF3B,S3,PH,delta=0.005;threshold=25.0,17.651987110633726,26.382984458891485,1.4946183845216,2247,4655,82170.0,3240168.0
AQC0L71,S3,Media,,19.144688408136908,23.28439869254436,1.216232836813786,0,30970,592911.0,16790795.0
AQC0L71,S3,Sem detector (HT),,14.64559250887956,18.308891251790048,1.250129773902247,0,30970,453574.0,10381624.0
AQC0L71,S3,ADWIN,delta=0.01,14.147626735550531,28.15196319915219,1.989871780290272,5286,30970,438152.0,24544748.0
AQC0L71,S3,KSWIN,alpha=0.01;window_size=100;seed=1,12.135905715208263,17.961285636731276,1.4800119627019566,4317,30970,375849.0,9991163.0
AQC0L71,S3,PH,delta=0.005;threshold=25.0,12.586438488860187,20.510035188393143,1.6295344554018083,13613,30970,389802.0,13027888.0
AJWW3IY,S3,Media,,24.81159074648223,28.39150082932849,1.1442837792798033,0,41930,1040350.0,33798822.0
AJWW3IY,S3,Sem detector (HT),,17.585642737896496,21.38400564887747,1.2159922709447306,0,41930,737366.0,19173570.0
AJWW3IY,S3,ADWIN,delta=0.01,12.380896732649656,20.35847648988666,1.64434587651469,7283,41930,519131.0,17378625.0
AJWW3IY,S3,KSWIN,alpha=0.01;window_size=100;seed=1,12.773241116145956,18.863618629486552,1.4768075273895895,5857,41930,535582.0,14920208.0
AJWW3IY,S3,PH,delta=0.005;threshold=25.0,14.98998330550918,25.146502294143858,1.6775537224849284,17761,41930,628530.0,26514292.0
A0NVTRV,S3,Media,,21.78920492721165,26.890844010579958,1.2341360825422814,0,22325,486444.0,16143598.0
A0NVTRV,S3,Sem detector (HT),,17.53854423292273,21.619366292289403,1.2326773536714808,0,22325,391548.0,10434638.0
A0NVTRV,S3,ADWIN,delta=0.01,14.520582306830908,21.333050343401137,1.4691594243686388,3719,22325,324172.0,10160086.0
A0NVTRV,S3,KSWIN,alpha=0.01;window_size=100;seed=1,19.028577827547597,43.31737558988911,2.2764378916000085,3125,22325,424813.0,41890519.0
A0NVTRV,S3,PH,delta=0.005;threshold=25.0,17.254288913773795,28.73072419689312,1.66513522176842,8463,22325,385202.0,18428272.0
AFPB8J2,S3,Media,,21.96728347749918,27.107454744119345,1.233992121596882,0,45665,1003136.0,33555286.0
AFPB8J2,S3,Sem detector (HT),,16.920179568597394,21.75096197582933,1.2855042044705909,0,45665,772660.0,21604310.0
AFPB8J2,S3,ADWIN,delta=0.01,15.44136647322895,25.59523986046481,1.6575760898389311,7713,45665,705130.0,29915886.0
AFPB8J2,S3,KSWIN,alpha=0.01;window_size=100;seed=1,15.683937369977006,28.19014328191116,1.7973894320615034,6290,45665,716207.0,36289253.0
AFPB8J2,S3,PH,delta=0.005;threshold=25.0,15.53233329683565,22.919862389948147,1.4756226223021838,20887,45665,709284.0,23988742.0
AURCTAK,S3,Media,,26.64050279329609,33.25855205681993,1.2484205840585425,0,7160,190746.0,7919900.0
AURCTAK,S3,Sem detector (HT),,23.483938547486037,30.701343391348846,1.3073336625059189,0,7160,168145.0,6748819.0
AURCTAK,S3,ADWIN,delta=0.01,31.86731843575419,90.25840309693574,2.8323187367930047,1248,7160,228170.0,58329508.0
AURCTAK,S3,KSWIN,alpha=0.01;window_size=100;seed=1,22.616340782122904,30.855794073933037,1.364314164310922,1040,7160,161933.0,6816893.0
AURCTAK,S3,PH,delta=0.005;threshold=25.0,21.726117318435755,31.790921809491568,1.4632583145684892,3542,7160,155559.0,7236345.0
A4G0044,S3,Media,,28.58,34.9719907101124,1.22365257908021,0,7450,212921.0,9111649.0
A4G0044,S3,Sem detector (HT),,23.99570469798658,31.397901011364805,1.308480055349211,0,7450,178768.0,7344420.0
A4G0044,S3,ADWIN,delta=0.01,26.368322147651007,53.70482337454686,2.036717507994004,1165,7450,196444.0,21487350.0
A4G0044,S3,KSWIN,alpha=0.01;window_size=100;seed=1,22.19073825503356,30.17996357423716,1.360025215357195,1049,7450,165321.0,6785685.0
A4G0044,S3,PH,delta=0.005;threshold=25.0,21.628187919463087,30.19444813184333,1.3960692520463776,3533,7450,161130.0,6792200.0
A0VFT1N,S3,Media,,32.20194452387761,38.29919165220681,1.1893440665922557,0,52455,1689153.0,76942467.0
A0VFT1N,S3,Sem detector (HT),,23.355790677723764,31.7060406699608,1.3575237553486603,0,52455,1225128.0,52731596.0
A0VFT1N,S3,ADWIN,delta=0.01,18.42531693832809,28.148393489647702,1.527701997412799,8962,52455,966500.0,41561778.0
A0VFT1N,S3,KSWIN,alpha=0.01;window_size=100;seed=1,17.738023067391097,24.87623812665988,1.4024244997398498,7327,52455,930448.0,32460582.0
A0VFT1N,S3,PH,delta=0.005;threshold=25.0,18.07821942617481,26.671903379629445,1.475361192984091,21997,52455,948293.0,37315985.0
A3OU183,S3,Media,,19.45416204217536,23.058296048237576,1.1852628757922692,0,4505,87641.0,2395241.0
A3OU183,S3,Sem detector (HT),,14.849944506104327,18.831273726019813,1.2681039796666504,0,4505,66899.0,1597549.0
A3OU183,S3,ADWIN,delta=0.01,15.1842397336293,21.730857983044416,1.4311456065143644,712,4505,68405.0,2127397.0
A3OU183,S3,KSWIN,alpha=0.01;window_size=100;seed=1,17.402663706992232,24.84844628983607,1.4278530406728591,633,4505,78399.0,2781591.0
A3OU183,S3,PH,delta=0.005;threshold=25.0,16.684128745837956,25.80526406991587,1.5466953332132063,2179,4505,75162.0,2999932.0
AUY8KYW,S3,Media,,31.155095084320056,37.36914185297025,1.1994552336249371,0,55740,1736585.0,77838277.0
AUY8KYW,S3,Sem detector (HT),,24.581431646932185,31.148103626487,1.2671395252267312,0,55740,1370169.0,54079191.0
AUY8KYW,S3,ADWIN,delta=0.01,19.020631503408683,30.241351843467847,1.5899236488572055,10999,55740,1060210.0,50976424.0
AUY8KYW,S3,KSWIN,alpha=0.01;window_size=100;seed=1,20.175008970218872,31.304653965268187,1.5516550208963091,8098,55740,1124555.0,54624161.0
AUY8KYW,S3,PH,delta=0.005;threshold=25.0,20.586616433440977,32.22259546365043,1.5652205678300746,25280,55740,1147498.0,57874600.0
AMV7EQF,S3,Media,,24.54380038387716,28.009341737501405,1.1411982374131744,0,52100,1278732.0,40873660.0
AMV7EQF,S3,Sem detector (HT),,16.679078694817658,21.908989031534,1.313561104447653,0,52100,868980.0,25008198.0
AMV7EQF,S3,ADWIN,delta=0.01,18.66566218809981,35.88488713595289,1.9225081207582928,9389,52100,972481.0,67090479.0
AMV7EQF,S3,KSWIN,alpha=0.01;window_size=100;seed=1,16.06923224568138,26.48507673817947,1.6481855718587524,7363,52100,837207.0,36546029.0
AMV7EQF,S3,PH,delta=0.005;threshold=25.0,17.866314779270635,28.131615195585127,1.5745617125376516,24242,52100,930835.0,41231303.0
AOYM4KG,S3,Media,,36.66397727272727,45.24967478537076,1.234172562588566,0,8800,322643.0,18018291.0
AOYM4KG,S3,Sem detector (HT),,29.654886363636365,39.69804924220287,1.338668061492952,0,8800,260963.0,13868229.0
AOYM4KG,S3,ADWIN,delta=0.01,55.90909090909091,126.18264089658436,2.256925284329151,1511,8800,492000.0,140114118.0
AOYM4KG,S3,KSWIN,alpha=0.01;window_size=100;seed=1,23.13681818181818,32.34433700609175,1.3979595963419549,1274,8800,203604.0,9206174.0
AOYM4KG,S3,PH,delta=0.005;threshold=25.0,21.532613636363635,31.417708165358537,1.4590754608767629,3830,8800,189487.0,8686237.0
AKXN5ZZ,S3,Media,,19.83164251207729,23.04756511323817,1.1621611825244635,0,49680,985236.0,26389532.0
AKXN5ZZ,S3,Sem detector (HT),,14.598611111111111,17.684284465853946,1.2113675973185083,0,49680,725259.0,15536621.0
AKXN5ZZ,S3,ADWIN,delta=0.01,11.357608695652171,17.990195710634286,1.5839774192538565,9407,49680,564246.0,16078790.0
AKXN5ZZ,S3,KSWIN,alpha=0.01;window_size=100;seed=1,11.427214170692432,16.65608722197064,1.457580734304323,7228,49680,567704.0,13782486.0
AKXN5ZZ,S3,PH,delta=0.005;threshold=25.0,12.228562801932368,20.348568280812906,1.6640196080603522,21487,49680,607515.0,20570711.0
AYEFCWQ,S3,Media,,26.52709804207002,34.1627994014674,1.2878453326212964,0,68695,1822279.0,80173719.0
AYEFCWQ,S3,Sem detector (HT),,26.872348788121407,35.61649983892148,1.3253958602481863,0,68695,1845996.0,87142016.0
AYEFCWQ,S3,ADWIN,delta=0.01,19.96752310939661,30.55819037120239,1.5303946415277652,13325,68695,1371669.0,64147597.0
AYEFCWQ,S3,KSWIN,alpha=0.01;window_size=100;seed=1,22.555338816507756,42.256581460875296,1.873462500592039,9873,68695,1549439.0,122663075.0
AYEFCWQ,S3,PH,delta=0.005;threshold=25.0,21.62832811703909,34.12188562824009,1.5776478627286228,30664,68695,1485758.0,79981800.0
AJMQUVV,S3,Media,,24.53465181058496,27.91661845365091,1.1378444931346805,0,53850,1321191.0,41967329.0
AJMQUVV,S3,Sem detector (HT),,19.63290622098421,23.219861507572052,1.1827011878024456,0,53850,1057232.0,29033872.0
AJMQUVV,S3,ADWIN,delta=0.01,13.563342618384402,20.54009191908761,1.5143827371319656,9624,53850,730386.0,22719066.0
AJMQUVV,S3,KSWIN,alpha=0.01;window_size=100;seed=1,23.36714948932219,74.54343620434562,3.190095404593909,7592,53850,1258321.0,299229581.0
AJMQUVV,S3,PH,delta=0.005;threshold=25.0,13.903751160631383,24.107997108955058,1.733920352172089,24164,53850,748717.0,31297379.0
AHYIJDV,S3,Media,,30.013646261795305,37.15353148770957,1.2378879648156147,0,41330,1240464.0,57051308.0
AHYIJDV,S3,Sem detector (HT),,27.523542221146865,34.347888578402284,1.2479457877341145,0,41330,1137548.0,48760202.0
AHYIJDV,S3,ADWIN,delta=0.01,20.24611662230825,28.592068190608465,1.4122248095273835,6883,41330,836772.0,33787538.0
AHYIJDV,S3,KSWIN,alpha=0.01;window_size=100;seed=1,21.63752721993709,30.44229129752725,1.406920993701967,5782,41330,894279.0,38301879.0
AHYIJDV,S3,PH,delta=0.005;threshold=25.0,20.033922090491167,29.408986843100735,1.4679595293554286,17826,41330,828002.0,35745842.0
A1K5DRI,S3,Media,,25.278358839545582,30.767723389190675,1.2171566826979885,0,53255,1346199.0,50413995.0
A1K5DRI,S3,Sem detector (HT),,20.30748286545864,26.58777877679032,1.309260185171149,0,53255,1081475.0,37646491.0
A1K5DRI,S3,ADWIN,delta=0.01,15.180264763871936,23.53900791106617,1.550632237132485,9059,53255,808425.0,29507791.0
A1K5DRI,S3,KSWIN,alpha=0.01;window_size=100;seed=1,15.260257252840107,23.708301108504315,1.553597735325984,7373,53255,812685.0,29933759.0
A1K5DRI,S3,PH,delta=0.005;threshold=25.0,15.623828748474322,25.509879235255404,1.632754662505275,23099,53255,832047.0,34655901.0
AAXAA7Z,S3,Media,,34.909738527214515,45.84676666760772,1.3132944731702028,0,37480,1308417.0,78780187.0
AAXAA7Z,S3,Sem detector (HT),,29.44615795090715,41.1591705606174,1.3977772797808892,0,37480,1103642.0,63494018.0
AAXAA7Z,S3,ADWIN,delta=0.01,26.839701173959444,42.35763146631902,1.5781707550237356,6690,37480,1005952.0,67245452.0
AAXAA7Z,S3,KSWIN,alpha=0.01;window_size=100;seed=1,24.349973319103523,40.19226239269606,1.6506080670389742,5087,37480,912637.0,60545865.0
AAXAA7Z,S3,PH,delta=0.005;threshold=25.0,24.785699039487728,37.51767850814255,1.5136824847413288,15343,37480,928968.0,52755956.0
AX6281V,S3,Media,,29.62953876349362,36.953973706738914,1.247200437432043,0,40760,1207700.0,55661700.0
AX6281V,S3,Sem detector (HT),,24.33155053974485,32.063260887255986,1.317764802324522,0,40760,991754.0,41903428.0
AX6281V,S3,ADWIN,delta=0.01,16.39732580961727,22.133223066181536,1.3498068723620822,6643,40760,668355.0,19967491.0
AX6281V,S3,KSWIN,alpha=0.01;window_size=100;seed=1,17.80775269872424,24.058372748651397,1.3510055511033097,5584,40760,725844.0,23592104.0
AX6281V,S3,PH,delta=0.005;threshold=25.0,16.93029931305201,24.711131392963654,1.4595803025120295,16936,40760,690079.0,24889687.0
AIFDJZB,S3,Media,,38.42488960256925,46.24444588912415,1.2035023748261349,0,74730,2871492.0,159813750.0
AIFDJZB,S3,Sem detector (HT),,31.37337080155225,41.18184145107833,1.312636812651345,0,74730,2344532.0,126737900.0
AIFDJZB,S3,ADWIN,delta=0.01,26.139783219590527,87.58558155358232,3.350662123622398,14645,74730,1953426.0,573271324.0
AIFDJZB,S3,KSWIN,alpha=0.01;window_size=100;seed=1,22.4172889067309,48.90678752399612,2.1816548703760343,10787,74730,1675244.0,178744734.0
AIFDJZB,S3,PH,delta=0.005;threshold=25.0,19.215857085507828,31.42720768876132,1.6354830049429865,33492,74730,1436001.0,73808533.0
AA2KP1S,S3,Media,,17.904943123061013,21.30903163846689,1.190120040706609,0,48350,865704.0,21954518.0
AA2KP1S,S3,Sem detector (HT),,14.21491209927611,16.87378966512487,1.1870484704568918,0,48350,687291.0,13766443.0
AA2KP1S,S3,ADWIN,delta=0.01,9.799089968976215,16.145253287664897,1.647627824500086,8026,48350,473786.0,12603356.0
AA2KP1S,S3,KSWIN,alpha=0.01;window_size=100;seed=1,10.287776628748707,15.982298895124966,1.5535231247598422,6741,48350,497414.0,12350228.0
AA2KP1S,S3,PH,delta=0.005;threshold=25.0,9.769886246122027,17.073647879499372,1.747578983969894,20399,48350,472374.0,14094482.0
A36HR6Y,S3,Media,,23.95842179050671,28.47431230153704,1.188488647145352,0,24965,598122.0,20241284.0
A36HR6Y,S3,Sem detector (HT),,19.36995794111757,25.251769692868464,1.3036564028497597,0,24965,483571.0,15918979.0
A36HR6Y,S3,ADWIN,delta=0.01,14.59010614860805,19.977768537302207,1.3692682105132017,4630,24965,364242.0,9963812.0
A36HR6Y,S3,KSWIN,alpha=0.01;window_size=100;seed=1,14.98590026036451,26.79780982946776,1.7882015337005814,3537,24965,374123.0,17927931.0
A36HR6Y,S3,PH,delta=0.005;threshold=25.0,14.644702583617065,21.76857779854071,1.4864472442679089,11874,24965,365605.0,11830189.0
A4E0D03,S3,Media,,24.14762443438914,28.17165506890333,1.1666429194908088,0,44200,1067325.0,35078983.0
A4E0D03,S3,Sem detector (HT),,16.97816742081448,21.006047933244265,1.237238826346581,0,44200,750435.0,19503429.0
A4E0D03,S3,ADWIN,delta=0.01,21.38414027149321,54.52449634207973,2.549763312896207,7409,44200,945179.0,131403095.0
A4E0D03,S3,KSWIN,alpha=0.01;window_size=100;seed=1,17.74058823529412,35.87808794473496,2.022373072915197,6047,44200,784134.0,56895884.0
A4E0D03,S3,PH,delta=0.005;threshold=25.0,14.215927601809955,21.902290216826216,1.540686674152564,18967,44200,628344.0,21203196.0
AZIK4ZA,S3,Media,,37.24262997631668,44.41290924127987,1.1925288109224004,0,44335,1651152.0,87451076.0
AZIK4ZA,S3,Sem detector (HT),,23.996165557685803,32.13773925504714,1.339286444652556,0,44335,1063870.0,45790708.0
AZIK4ZA,S3,ADWIN,delta=0.01,13.92261193188226,19.33267486878228,1.3885810337434727,8357,44335,617259.0,16570309.0
AZIK4ZA,S3,KSWIN,alpha=0.01;window_size=100;seed=1,15.138851922860043,23.773691002773266,1.57037608425738,6224,44335,671181.0,25057627.0
AZIK4ZA,S3,PH,delta=0.005;threshold=25.0,16.86859140633811,29.92325547127724,1.7739036265964714,18717,44335,747869.0,39697613.0
AYWIEKR,S3,Media,,26.994443376273797,32.23209816748528,1.194027145446348,0,52010,1403981.0,54033613.0
AYWIEKR,S3,Sem detector (HT),,19.250028840607577,24.21725753242608,1.258037467525255,0,52010,1001194.0,30502594.0
AYWIEKR,S3,ADWIN,delta=0.01,14.359776965968084,26.4240667133724,1.8401446468142264,9286,52010,746852.0,36315010.0
AYWIEKR,S3,KSWIN,alpha=0.01;window_size=100;seed=1,14.526494904825997,22.045555515280444,1.5176101089572864,7397,52010,755523.0,25277199.0
AYWIEKR,S3,PH,delta=0.005;threshold=25.0,13.682214958661795,22.631559026042385,1.6540859133129633,23683,52010,711612.0,26638870.0
