patient,scenario,detector,features,params,mae,rmse,error_ratio,n_drifts,n_imputed,sae,sse
A7EM0B6,S3,Media,mod,,28.486737607059435,36.54424095321468,1.2828510395714277,0,38530,1097594.0,51456104.0
A7EM0B6,S3,Sem detector (HT),mod,,22.491045938229952,28.79954886891816,1.2804895311678282,0,38530,866580.0,31957322.0
A7EM0B6,S3,ADWIN,mod,,16.860109005969374,23.98028215015491,1.4223088440095266,6169,38530,649620.0,22156828.0
A7EM0B6,S3,KSWIN,mod,seed=1,18.212873085907084,25.639414975998296,1.407763336133813,5286,38530,701742.0,25328836.0
A7EM0B6,S3,PH,mod,,15.822242408512848,23.3227109285306,1.4740458606538775,12707,38530,609631.0,20958349.0
ASFODQR,S3,Media,mod,,47.34550023375409,58.06064752903942,1.2263181768569882,0,85560,4050881.0,288426079.0
ASFODQR,S3,Sem detector (HT),mod,,30.52519869097709,39.28040045299368,1.2868188296053424,0,85560,2611736.0,132014790.0
ASFODQR,S3,ADWIN,mod,,99.8577840112202,473.2356226887196,4.739095979093087,12904,85560,8543832.0,19161329234.0
ASFODQR,S3,KSWIN,mod,seed=1,28.977980364656386,56.39723574869164,1.94621002012541,11539,85560,2479356.0,272136260.0
ASFODQR,S3,PH,mod,,23.44409770920991,37.50170340528908,1.599622381310785,29763,85560,2005877.0,120329681.0
A1ZJ41O,S3,Media,mod,,22.76647193824327,28.18610360567512,1.2380532074593391,0,47930,1091197.0,38078297.0
A1ZJ41O,S3,Sem detector (HT),mod,,18.1978927602754,23.970297271044792,1.3172018093968607,0,47930,872225.0,27539387.0
A1ZJ41O,S3,ADWIN,mod,,48.681556436469855,295.2815576869566,6.065573480016059,7334,47930,2333307.0,4179074135.0
A1ZJ41O,S3,KSWIN,mod,seed=1,412.6327143751304,2084.314175758363,5.051257699997783,6679,47930,19777486.0,208225442406.0
A1ZJ41O,S3,PH,mod,,17.949155017734196,26.727008151685183,1.489039908858008,14524,47930,860303.0,34237979.0
ATHKM6V,S3,Media,mod,,18.82023572076156,23.519960466474323,1.249716571856125,0,27575,518968.0,15254174.0
ATHKM6V,S3,Sem detector (HT),mod,,13.56935630099728,17.816095893660666,1.3129654420196242,0,27575,374175.0,8752671.0
ATHKM6V,S3,ADWIN,mod,,12.380961015412511,18.013937386456945,1.4549708511344306,3993,27575,341405.0,8948141.0
ATHKM6V,S3,KSWIN,mod,seed=1,13.993544877606528,20.09709522859908,1.436168991086732,3623,27575,385872.0,11137356.0
ATHKM6V,S3,PH,mod,,12.26099728014506,18.5682666352738,1.5144173194901902,7790,27575,338097.0,9507323.0
APGIB2T,S3,Media,mod,,17.843169398907104,21.53449133227648,1.2068759114956038,0,9150,163265.0,4243169.0
APGIB2T,S3,Sem detector (HT),mod,,14.357486338797814,18.26644030811845,1.2722589370506725,0,9150,131371.0,3053015.0
APGIB2T,S3,ADWIN,mod,,63.07169398907104,185.9336934518748,2.9479736739605102,1352,9150,577106.0,316327746.0
APGIB2T,S3,KSWIN,mod,seed=1,25.765245901639343,142.8593301003519,5.544652305890173,1253,9150,235752.0,186740412.0
APGIB2T,S3,PH,mod,,14.184371584699454,22.6054130564684,1.5936844943383068,3426,9150,129787.0,4675693.0
AV2GF3B,S3,Media,mod,,23.14951664876477,28.524996105042607,1.232206984613852,0,4655,107761.0,3787659.0
AV2GF3B,S3,Sem detector (HT),mod,,21.79892588614393,26.40378842068983,1.2112426345498468,0,4655,101474.0,3245280.0
AV2GF3B,S3,ADWIN,mod,,78.33254564983888,244.3952829949079,3.1199711558896666,689,4655,364638.0,278038748.0
AV2GF3B,S3,KSWIN,mod,seed=1,56.57830290010741,208.97931483265745,3.693629962737195,647,4655,263372.0,203294808.0
AV2GF3B,S3,PH,mod,,17.144360902255638,24.86081988186856,1.4500872924693091,1862,4655,79807.0,2877071.0
AQC0L71,S3,Media,mod,,19.144688408136908,23.28439869254436,1.216232836813786,0,30970,592911.0,16790795.0
AQC0L71,S3,Sem detector (HT),mod,,13.046367452373264,16.561054251483156,1.269399647981748,0,30970,404046.0,8494096.0
AQC0L71,S3,ADWIN,mod,,219.5282208588957,1045.2053189833694,4.761143304920178,4502,30970,6798789.0,33833305299.0
AQC0L71,S3,KSWIN,mod,seed=1,12.983209557636425,18.913102783355463,1.4567355398058113,4162,30970,402090.0,11078138.0
AQC0L71,S3,PH,mod,,11.788666451404586,19.269962371268903,1.6346176601657043,10290,30970,365095.0,11500135.0
AJWW3IY,S3,Media,mod,,24.81159074648223,28.39150082932849,1.1442837792798033,0,41930,1040350.0,33798822.0
AJWW3IY,S3,Sem detector (HT),mod,,17.461650369663726,20.30979305102196,1.1631084474298223,0,41930,732167.0,17295609.0
AJWW3IY,S3,ADWIN,mod,,12.160410207488672,17.13945689308827,1.4094472637554103,6242,41930,509886.0,12317398.0
AJWW3IY,S3,KSWIN,mod,seed=1,14.41702838063439,21.22368686941616,1.4721263154288289,5672,41930,604506.0,18887154.0
AJWW3IY,S3,PH,mod,,12.662699737658002,21.555496348903755,1.702282830319287,13251,41930,530947.0,19482331.0
A0NVTRV,S3,Media,mod,,21.78920492721165,26.89084401057996,1.2341360825422814,0,22325,486444.0,16143598.0
A0NVTRV,S3,Sem detector (HT),mod,,16.012183650615903,20.52196376179769,1.2816467890691674,0,22325,357472.0,9402196.0
A0NVTRV,S3,ADWIN,mod,,15.018633818589024,22.56638632376318,1.5025591938883327,3226,22325,335291.0,11368823.0
A0NVTRV,S3,KSWIN,mod,seed=1,25.245195968645017,290.9404369838274,11.524586196327435,3024,22325,563599.0,1889729493.0
A0NVTRV,S3,PH,mod,,16.40421052631579,27.79651061265859,1.6944741454071908,5971,22325,366224.0,17249322.0
AFPB8J2,S3,Media,mod,,21.96728347749918,27.107454744119345,1.233992121596882,0,45665,1003136.0,33555286.0
AFPB8J2,S3,Sem detector (HT),mod,,15.591306252052997,19.852767492066555,1.2733229128542345,0,45665,711977.0,17998055.0
AFPB8J2,S3,ADWIN,mod,,14.728019270776306,19.620006124243183,1.3321551094907702,6489,45665,672555.0,17578497.0
AFPB8J2,S3,KSWIN,mod,seed=1,16.05744005255666,21.54046657867519,1.3414633035012031,6069,45665,733263.0,21188181.0
AFPB8J2,S3,PH,mod,,15.645176831271216,22.996743541454777,1.4698934879080063,15898,45665,714437.0,24149945.0
AURCTAK,S3,Media,mod,,26.64050279329609,33.25855205681993,1.2484205840585425,0,7160,190746.0,7919900.0
AURCTAK,S3,Sem detector (HT),mod,,23.335754189944133,30.300017515712987,1.2984374650625137,0,7160,167084.0,6573532.0
AURCTAK,S3,ADWIN,mod,,76.06508379888268,229.01090823230555,3.0107231438515747,1069,7160,544626.0,375513332.0
AURCTAK,S3,KSWIN,mod,seed=1,43.25600558659218,154.7621111044934,3.577817900792581,1008,7160,309713.0,171491387.0
AURCTAK,S3,PH,mod,,20.94594972067039,29.657130526425725,1.4158885570683268,3043,7160,149973.0,6297545.0
A4G0044,S3,Media,mod,,28.58,34.9719907101124,1.22365257908021,0,7450,212921.0,9111649.0
A4G0044,S3,Sem detector (HT),mod,,24.011543624161074,31.2210262999389,1.3002506956080675,0,7450,178886.0,7261906.0
A4G0044,S3,ADWIN,mod,,50.26174496644296,145.65976629384835,2.8980244595785023,975,7450,374450.0,158064918.0
A4G0044,S3,KSWIN,mod,seed=1,20.29288590604027,28.008057325844383,1.380190942556261,1014,7450,151182.0,5844162.0
A4G0044,S3,PH,mod,,22.973825503355705,32.05974498217582,1.3954900535608652,2971,7450,171155.0,7657313.0
A0VFT1N,S3,Media,mod,,32.20194452387761,38.29919165220681,1.1893440665922557,0,52455,1689153.0,76942467.0
A0VFT1N,S3,Sem detector (HT),mod,,19.47922981603279,26.22550593175312,1.346331768731824,0,52455,1021783.0,36077351.0
A0VFT1N,S3,ADWIN,mod,,54.19725478981984,329.76388496395106,6.084512697973262,7580,52455,2842917.0,5704178051.0
A0VFT1N,S3,KSWIN,mod,seed=1,18.0272614622057,26.532269753829254,1.4717859287421096,7062,52455,945620.0,36926292.0
A0VFT1N,S3,PH,mod,,17.08809455723954,25.64313429514588,1.500643281745062,16941,52455,896356.0,34492852.0
A3OU183,S3,Media,mod,,19.45416204217536,23.058296048237576,1.1852628757922692,0,4505,87641.0,2395241.0
A3OU183,S3,Sem detector (HT),mod,,15.23684794672586,19.054125837512004,1.2505293682875147,0,4505,68642.0,1635584.0
A3OU183,S3,ADWIN,mod,,13.83684794672586,18.704566857044725,1.351793914991361,611,4505,62335.0,1576123.0
A3OU183,S3,KSWIN,mod,seed=1,44.631076581576025,213.1173427382311,4.775088549537862,615,4505,201063.0,204612603.0
A3OU183,S3,PH,mod,,14.536736958934515,21.553001032248744,1.4826574280827112,1693,4505,65488.0,2092716.0
AUY8KYW,S3,Media,mod,,31.155095084320056,37.36914185297025,1.1994552336249371,0,55740,1736585.0,77838277.0
AUY8KYW,S3,Sem detector (HT),mod,,22.624560459275205,28.90500910723012,1.277594283400992,0,55740,1261093.0,46570745.0
AUY8KYW,S3,ADWIN,mod,,115.62904556871187,547.5628491680388,4.735513006052211,9188,55740,6445163.0,16712249613.0
AUY8KYW,S3,KSWIN,mod,seed=1,19.264729099390024,27.6948594256736,1.4375940239175489,7887,55740,1073816.0,42752872.0
AUY8KYW,S3,PH,mod,,17.820362396842484,25.79992260566992,1.4477776619313476,20817,55740,993307.0,37102551.0
AMV7EQF,S3,Media,mod,,24.54380038387716,28.009341737501405,1.1411982374131744,0,52100,1278732.0,40873660.0
AMV7EQF,S3,Sem detector (HT),mod,,15.770153550863723,20.745849433417074,1.3155134708425738,0,52100,821625.0,22423333.0
AMV7EQF,S3,ADWIN,mod,,108.17852207293666,994.130432099768,9.18972096355227,7871,52100,5636101.0,51490185965.0
AMV7EQF,S3,KSWIN,mod,seed=1,403.0846449136277,2662.381755607405,6.605019043029775,7153,52100,21000710.0,369299211516.0
AMV7EQF,S3,PH,mod,,16.416218809980805,27.33769166913229,1.6652855316786714,19589,52100,855285.0,38936903.0
AOYM4KG,S3,Media,mod,,36.66397727272727,45.24967478537076,1.234172562588566,0,8800,322643.0,18018291.0
AOYM4KG,S3,Sem detector (HT),mod,,26.929318181818186,35.931361333419126,1.3342841096392422,0,8800,236978.0,11361352.0
AOYM4KG,S3,ADWIN,mod,,86.37875,211.8984686653664,2.4531319180396385,1287,8800,760133.0,395128457.0
AOYM4KG,S3,KSWIN,mod,seed=1,22.88125,31.795892030260763,1.3896046776404594,1246,8800,201355.0,8896613.0
AOYM4KG,S3,PH,mod,,22.988636363636363,34.973840873637904,1.5213534339496468,3159,8800,202300.0,10763892.0
AKXN5ZZ,S3,Media,mod,,19.83164251207729,23.04756511323817,1.1621611825244635,0,49680,985236.0,26389532.0
AKXN5ZZ,S3,Sem detector (HT),mod,,13.19158615136876,15.966316698634504,1.2103409336395712,0,49680,655358.0,12664588.0
AKXN5ZZ,S3,ADWIN,mod,,10.76791465378422,14.777899458290948,1.372401243271136,8151,49680,534950.0,10849432.0
AKXN5ZZ,S3,KSWIN,mod,seed=1,11.51604267310789,16.296996329752936,1.4151559517758183,7049,49680,572117.0,13194615.0
AKXN5ZZ,S3,PH,mod,,12.546859903381645,21.58438109481893,1.720301434863514,16239,49680,623328.0,23145192.0
AYEFCWQ,S3,Media,mod,,26.52709804207002,34.1627994014674,1.2878453326212964,0,68695,1822279.0,80173719.0
AYEFCWQ,S3,Sem detector (HT),mod,,24.04396244268142,33.56801695270339,1.396110022743815,0,68695,1651700.0,77406334.0
AYEFCWQ,S3,ADWIN,mod,,19.46383288448941,28.946257341940257,1.4871817649548011,11382,68695,1337068.0,57558566.0
AYEFCWQ,S3,KSWIN,mod,seed=1,19.611951379285248,28.73819190923634,1.4653407686697872,9622,68695,1347243.0,56734079.0
AYEFCWQ,S3,PH,mod,,19.66930635417425,29.765005579925752,1.5132717465458043,24104,68695,1351183.0,60860717.0
AJMQUVV,S3,Media,mod,,24.53465181058496,27.91661845365091,1.1378444931346805,0,53850,1321191.0,41967329.0
AJMQUVV,S3,Sem detector (HT),mod,,15.712999071494892,18.57414812701736,1.182088030585638,0,53850,846145.0,18578195.0
AJMQUVV,S3,ADWIN,mod,,12.99673166202414,18.515358376810507,1.424616500386135,8184,53850,699874.0,18460776.0
AJMQUVV,S3,KSWIN,mod,seed=1,460.399591457753,2817.2840625370154,6.1192149489462215,7342,53850,24792518.0,427412268984.0
AJMQUVV,S3,PH,mod,,13.11229340761374,21.72218656221421,1.6566275545360418,18844,53850,706097.0,25409305.0
AHYIJDV,S3,Media,mod,,30.013646261795305,37.15353148770957,1.2378879648156147,0,41330,1240464.0,57051308.0
AHYIJDV,S3,Sem detector (HT),mod,,25.571086377933703,32.04731447956357,1.253263705965127,0,41330,1056853.0,42447165.0
AHYIJDV,S3,ADWIN,mod,,92.9172997822405,621.482674953502,6.68855720527823,5845,41330,3840272.0,15963328762.0
AHYIJDV,S3,KSWIN,mod,seed=1,28.030462134043063,69.79980549980284,2.4901410888631337,5568,41330,1158499.0,201360291.0
AHYIJDV,S3,PH,mod,,21.52204210016937,31.557931244577084,1.4663074766649926,13323,41330,889506.0,41160672.0
A1K5DRI,S3,Media,mod,,25.278358839545582,30.767723389190675,1.2171566826979885,0,53255,1346199.0,50413995.0
A1K5DRI,S3,Sem detector (HT),mod,,17.722185710261947,23.299646225297423,1.314716288736658,0,53255,943795.0,28910729.0
A1K5DRI,S3,ADWIN,mod,,15.008675241761336,22.995771390210287,1.5321652990548438,7713,53255,799287.0,28161537.0
A1K5DRI,S3,KSWIN,mod,seed=1,14.725640784902826,21.48113739816588,1.4587573954804736,7117,53255,784214.0,24573948.0
A1K5DRI,S3,PH,mod,,14.414496291428035,22.857463079694192,1.5857274938762165,17806,53255,767644.0,27823800.0
AAXAA7Z,S3,Media,mod,,34.909738527214515,45.84676666760772,1.3132944731702028,0,37480,1308417.0,78780187.0
AAXAA7Z,S3,Sem detector (HT),mod,,27.70005336179296,38.6104626084543,1.3938768313605563,0,37480,1038198.0,55873978.0
AAXAA7Z,S3,ADWIN,mod,,162.1299893276414,793.2434384315624,4.8926385656421125,5708,37480,6076632.0,23583733520.0
AAXAA7Z,S3,KSWIN,mod,seed=1,110.30418890074706,653.8571600324649,5.927763637524345,4907,37480,4134201.0,16023793881.0
AAXAA7Z,S3,PH,mod,,23.13834044823906,37.14695821736366,1.6054288033518291,12114,37480,867225.0,51718521.0
AX6281V,S3,Media,mod,,29.62953876349362,36.953973706738914,1.247200437432043,0,40760,1207700.0,55661700.0
AX6281V,S3,Sem detector (HT),mod,,18.541854759568203,24.46246649314744,1.3193106520545903,0,40760,755766.0,24391284.0
AX6281V,S3,ADWIN,mod,,16.395976447497546,22.10531710156953,1.3482159584916562,5660,40760,668300.0,19917172.0
AX6281V,S3,KSWIN,mod,seed=1,283.8877330716389,2072.206686676352,7.299387910337893,5397,40760,11571264.0,175025092912.0
AX6281V,S3,PH,mod,,15.996221786064767,22.64404983942846,1.4155873894643671,12324,40760,652006.0,20899812.0
AIFDJZB,S3,Media,mod,,38.42488960256925,46.24444588912415,1.2035023748261349,0,74730,2871492.0,159813750.0
AIFDJZB,S3,Sem detector (HT),mod,,24.894754449351,33.479232354749335,1.3448307924813507,0,74730,1860385.0,83761793.0
AIFDJZB,S3,ADWIN,mod,,73.44852134350327,495.879883437855,6.75139368863165,12384,74730,5488808.0,18375872258.0
AIFDJZB,S3,KSWIN,mod,seed=1,87.29896962397966,765.6344188807188,8.77025722271997,10541,74730,6523852.0,43806431816.0
AIFDJZB,S3,PH,mod,,16.97678308577546,25.67510857467123,1.512365943827364,26390,74730,1268675.0,49262853.0
AA2KP1S,S3,Media,mod,,17.904943123061013,21.30903163846689,1.190120040706609,0,48350,865704.0,21954518.0
AA2KP1S,S3,Sem detector (HT),mod,,12.361551189245088,14.507393543466923,1.1735900552746796,0,48350,597681.0,10175957.0
AA2KP1S,S3,ADWIN,mod,,9.690113753877974,15.28844417643898,1.5777362954403462,6896,48350,468517.0,11301161.0
AA2KP1S,S3,KSWIN,mod,seed=1,10.181737331954498,15.234026167021554,1.4962108793762423,6500,48350,492287.0,11220853.0
AA2KP1S,S3,PH,mod,,11.854974146845915,22.46113591696678,1.8946592070757653,14897,48350,573188.0,24392702.0
A36HR6Y,S3,Media,mod,,23.95842179050671,28.47431230153704,1.188488647145352,0,24965,598122.0,20241284.0
A36HR6Y,S3,Sem detector (HT),mod,,17.167714800721008,22.747216317392912,1.3249996625315317,0,24965,428592.0,12917786.0
A36HR6Y,S3,ADWIN,mod,,25.066372922090927,457.7188809778389,18.26027572479194,3935,24965,625782.0,5230331620.0
A36HR6Y,S3,KSWIN,mod,seed=1,73.16398958541959,749.6235438675393,10.245799171358026,3432,24965,1826539.0,14028718697.0
A36HR6Y,S3,PH,mod,,16.7943520929301,26.775356722528763,1.5943072155668545,9472,24965,419271.0,17897901.0
A4E0D03,S3,Media,mod,,24.14762443438914,28.17165506890333,1.1666429194908088,0,44200,1067325.0,35078983.0
A4E0D03,S3,Sem detector (HT),mod,,15.199276018099548,19.16081857139177,1.2606402139532669,0,44200,671808.0,16227454.0
A4E0D03,S3,ADWIN,mod,,294.7462669683258,1726.0702852608968,5.856122633934444,6323,44200,13027785.0,131685883431.0
A4E0D03,S3,KSWIN,mod,seed=1,120.46242081447964,852.0918839333926,7.07350788878527,5833,44200,5324439.0,32091877577.0
A4E0D03,S3,PH,mod,,15.093755656108597,23.311371586607013,1.5444381184991995,14078,44200,667144.0,24019166.0
AZIK4ZA,S3,Media,mod,,37.24262997631668,44.41290924127987,1.1925288109224004,0,44335,1651152.0,87451076.0
AZIK4ZA,S3,Sem detector (HT),mod,,18.48670350738694,24.28903341980189,1.313865038734269,0,44335,819608.0,26155750.0
AZIK4ZA,S3,ADWIN,mod,,14.34349836472313,20.11973014779907,1.4027073198043647,7185,44335,635919.0,17946965.0
AZIK4ZA,S3,KSWIN,mod,seed=1,14.763933686703508,20.809899635991588,1.4095091509882027,6060,44335,654559.0,19199357.0
AZIK4ZA,S3,PH,mod,,13.96179091011616,23.55150277496719,1.6868539950632482,14502,44335,618996.0,24591440.0
AYWIEKR,S3,Media,mod,,26.9944433762738,32.23209816748528,1.194027145446348,0,52010,1403981.0,54033613.0
AYWIEKR,S3,Sem detector (HT),mod,,16.49046337242838,21.477100659088755,1.302395219227005,0,52010,857669.0,23990437.0
AYWIEKR,S3,ADWIN,mod,,13.309651990001925,18.884562647904104,1.4188622408827818,7914,52010,692235.0,18548155.0
AYWIEKR,S3,KSWIN,mod,seed=1,14.966141126706402,22.88821593667141,1.5293331622958188,7174,52010,778389.0,27246501.0
AYWIEKR,S3,PH,mod,,14.05535473947318,23.34137165721464,1.6606746745183552,18207,52010,731019.0,28336069.0
