scenario,patient,detector,config_id,mae,rmse,error_ratio,n_drifts,n_imputed,sae,sse,cpu_s,p_delta,p_alpha,p_window_size,p_seed,p_threshold
S3,ASFODQR,Sem detector (HT),HT,38.84237961664329,50.46757692529544,1.2992915836616497,0,85560,3323354.0,217919294.0,171.3853816109995,,,,,
S3,ASFODQR,ADWIN,ADWIN_delta=0.0001,31.36741467975689,90.59148953234832,2.8880763829992007,10518,85560,2683796.0,702175346.0,193.62284615299995,0.0001,,,,
S3,ASFODQR,ADWIN,ADWIN_delta=1e-05,34.997755960729314,94.19089565708796,2.691341003771178,9244,85560,2994408.0,759081888.0,206.0540075530007,1e-05,,,,
S3,ASFODQR,ADWIN,ADWIN_delta=0.002,25.271283309957923,37.772984420530776,1.4946998914632352,12904,85560,2162211.0,122076867.0,202.85846526099976,0.002,,,,
S3,ASFODQR,ADWIN,ADWIN_delta=0.01,23.511465638148668,36.711378716356144,1.561424510124536,15310,85560,2011641.0,115311379.0,219.6979183909998,0.01,,,,
S3,ASFODQR,ADWIN,ADWIN_delta=0.05,28.361196820944368,103.98538293636577,3.666466672505652,18656,85560,2426584.0,925156846.0,231.3556607970004,0.05,,,,
S3,ASFODQR,KSWIN,KSWIN_alpha=1e-05_window_size=1000,283.1375292192613,765.5626108697824,2.7038542470183518,1295,85560,24225247.0,50145527671.0,362.8738045310001,,1e-05,1000.0,1.0,
S3,ASFODQR,KSWIN,KSWIN_alpha=0.0001_window_size=1000,213.1141654978962,640.1553764210133,3.003814293270584,1315,85560,18234048.0,35062394394.0,301.9701742930001,,0.0001,1000.0,1.0,
S3,ASFODQR,KSWIN,KSWIN_alpha=0.0001_window_size=300,106.97274427302476,502.0454250954589,4.693208802927376,4097,85560,9152588.0,21565364534.0,550.3681797380004,,0.0001,300.0,1.0,
S3,ASFODQR,KSWIN,KSWIN_alpha=1e-05_window_size=300,107.14222767648434,547.6187626852958,5.111138479767559,3883,85560,9167089.0,25658272619.0,747.6675955339997,,1e-05,300.0,1.0,
S3,ASFODQR,KSWIN,KSWIN_alpha=0.001_window_size=300,48.698094904160826,93.62291804401424,1.92251705591906,4251,85560,4166609.0,749954857.0,408.7914910789996,,0.001,300.0,1.0,
S3,ASFODQR,KSWIN,KSWIN_alpha=0.001_window_size=1000,260.79263674614305,701.2942905139278,2.689087772046921,1327,85560,22313418.0,42079578624.0,266.60699878299965,,0.001,1000.0,1.0,
S3,ASFODQR,KSWIN,KSWIN_alpha=0.005_window_size=1000,294.6776531089294,705.5686480663486,2.394374465190717,1331,85560,25212620.0,42594088142.0,256.08996216800006,,0.005,1000.0,1.0,
S3,ASFODQR,KSWIN,KSWIN_alpha=0.005_window_size=300,87.60656848994857,474.2349692197482,5.413235301804556,4307,85560,7495618.0,19242341844.0,363.7161045339999,,0.005,300.0,1.0,
S3,ASFODQR,KSWIN,KSWIN_alpha=0.0001_window_size=100,32.780551659654044,80.49780297194425,2.4556573607338064,10079,85560,2804704.0,554419926.0,1202.7018455550003,,0.0001,100.0,1.0,
S3,ASFODQR,KSWIN,KSWIN_alpha=0.001_window_size=100,28.517753623188405,56.92953566755176,1.9962840138032865,11095,85560,2439979.0,277297567.0,917.0702207629992,,0.001,100.0,1.0,
S3,ASFODQR,KSWIN,KSWIN_alpha=1e-05_window_size=100,36.95260635811127,113.39726899168808,3.0687218079489225,8967,85560,3161665.0,1100210959.0,1542.9886874510005,,1e-05,100.0,1.0,
S3,ASFODQR,KSWIN,KSWIN_alpha=0.01_window_size=1000,320.35648667601686,786.6309808958641,2.455486352275427,1334,85560,27409701.0,52943526957.0,256.3243301089997,,0.01,1000.0,1.0,
S3,ASFODQR,KSWIN,KSWIN_alpha=0.005_window_size=100,31.259093034128096,69.20242934470564,2.2138335641776847,11539,85560,2674528.0,409744806.0,820.8351874030004,,0.005,100.0,1.0,
S3,ASFODQR,KSWIN,KSWIN_alpha=0.01_window_size=300,46.91394343151005,110.22312992622732,2.349474844022497,4353,85560,4013957.0,1039480279.0,360.472116037,,0.01,300.0,1.0,
S3,ASFODQR,PH,PH_threshold=25_delta=0.005,21.80244273024778,31.923253244448784,1.4642053479704742,37808,85560,1865417.0,87193691.0,342.0525778299998,0.005,,,,25.0
S3,ASFODQR,PH,PH_threshold=25_delta=2,51.0583567087424,237.3471530260177,4.648546649864629,23447,85560,4368553.0,4819908895.0,270.50783222500013,2.0,,,,25.0
S3,ASFODQR,PH,PH_threshold=25_delta=0.5,21.676122019635343,32.35222038895277,1.4925280619682095,32917,85560,1854609.0,89552757.0,305.86973841000054,0.5,,,,25.0
S3,ASFODQR,PH,PH_threshold=25_delta=5,116.45610098176718,455.0103430128972,3.9071404518698025,14382,85560,9963984.0,17713864312.0,243.40224894099995,5.0,,,,25.0
S3,ASFODQR,PH,PH_threshold=50_delta=0.005,23.450572697522208,37.52510037318708,1.6001784202546143,29763,85560,2006431.0,120479873.0,283.02585915800046,0.005,,,,50.0
S3,ASFODQR,PH,PH_threshold=50_delta=0.5,26.11914446002805,43.6733550901924,1.6720821448431735,25423,85560,2234754.0,163193888.0,274.5348557699999,0.5,,,,50.0
S3,ASFODQR,KSWIN,KSWIN_alpha=0.01_window_size=100,31.143840579710144,78.34512397214252,2.515589680457826,11956,85560,2664667.0,525163725.0,714.3634589069998,,0.01,100.0,1.0,
S3,ASFODQR,PH,PH_threshold=50_delta=5,121.8196587190276,485.9084926751712,3.988752700382298,11049,85560,10422890.0,20201320332.0,234.42443967500003,5.0,,,,50.0
S3,ASFODQR,PH,PH_threshold=50_delta=2,58.89694950911641,264.2978050328985,4.487461697689266,17931,85560,5039223.0,5976650893.0,256.9061799689998,2.0,,,,50.0
S3,ASFODQR,PH,PH_threshold=100_delta=0.005,27.03702664796634,45.29509420094274,1.6752986484314365,20645,85560,2313288.0,175538794.0,247.7349066779998,0.005,,,,100.0
S3,ASFODQR,PH,PH_threshold=100_delta=2,96.98730715287518,421.68715798552745,4.347859223690453,12705,85560,8298234.0,15214284266.0,237.7109592250008,2.0,,,,100.0
S3,ASFODQR,PH,PH_threshold=100_delta=5,134.2053062178588,418.8369502925229,3.12086728979713,7906,85560,11482606.0,15009310888.0,223.8130094320004,5.0,,,,100.0
S3,ASFODQR,PH,PH_threshold=100_delta=0.5,28.813440860215053,47.318000285358025,1.6422197027739804,17835,85560,2465278.0,191568254.0,265.6609300760001,0.5,,,,100.0
S3,ASFODQR,PH,PH_threshold=200_delta=0.005,31.69641187470781,151.34137193073647,4.774716221160021,12928,85560,2711945.0,1959684281.0,224.88655984100023,0.005,,,,200.0
S3,ASFODQR,PH,PH_threshold=200_delta=0.5,57.039597942964,319.32565638339247,5.598315344064977,11340,85560,4880308.0,8724456930.0,222.28074528700017,0.5,,,,200.0
S3,ASFODQR,PH,PH_threshold=200_delta=2,150.8352618045816,695.591886015838,4.611599951455844,8253,85560,12905465.0,41398041031.0,225.94320395799969,2.0,,,,200.0
S3,ASFODQR,PH,PH_threshold=200_delta=5,200.39135109864424,531.2783656866308,2.651204070304934,5290,85560,17145484.0,24149883410.0,217.911820282,5.0,,,,200.0
S3,ASFODQR,PH,PH_threshold=500_delta=0.005,143.2872136512389,611.2511946065225,4.265915841550999,6279,85560,12259654.0,31967613640.0,216.96155188400007,0.005,,,,500.0
S3,ASFODQR,PH,PH_threshold=500_delta=0.5,136.50515427769986,526.9446909130406,3.8602549017383514,5614,85560,11679381.0,23757505715.0,218.14427870100008,0.5,,,,500.0
S3,ASFODQR,PH,PH_threshold=500_delta=2,237.4088592800374,730.9890128995764,3.0790300543811333,4276,85560,20312702.0,45718552808.0,228.02980637700057,2.0,,,,500.0
S3,ASFODQR,PH,PH_threshold=500_delta=5,246.5564749883123,688.6448251176294,2.7930510652793594,2875,85560,21095372.0,40575263838.0,215.8498404719994,5.0,,,,500.0
S3,AYEFCWQ,Sem detector (HT),HT,26.872348788121407,35.61649983892148,1.3253958602481863,0,68695,1845996.0,87142016.0,134.05089321099877,,,,,
S3,AYEFCWQ,ADWIN,ADWIN_delta=1e-05,64.32181381468811,504.4028988257688,7.841863730381723,8357,68695,4418587.0,17477538823.0,154.6951775130001,1e-05,,,,
S3,AYEFCWQ,ADWIN,ADWIN_delta=0.0001,28.05012009607686,63.2839185074308,2.256101517236705,9460,68695,1926903.0,275113469.0,159.10257167999953,0.0001,,,,
S3,AYEFCWQ,ADWIN,ADWIN_delta=0.002,19.61874954509062,29.76755522472519,1.5173013527854633,11382,68695,1347710.0,60871144.0,161.3705398559996,0.002,,,,
S3,AYEFCWQ,ADWIN,ADWIN_delta=0.01,19.96752310939661,30.55819037120239,1.5303946415277652,13325,68695,1371669.0,64147597.0,169.04083940300006,0.01,,,,
S3,AYEFCWQ,ADWIN,ADWIN_delta=0.05,19.695902176286484,29.95410420438157,1.52082925353101,16292,68695,1353010.0,61636476.0,189.41865251999843,0.05,,,,
S3,AYEFCWQ,KSWIN,KSWIN_alpha=1e-05_window_size=1000,362.0102627556591,901.8437796761334,2.4912105331246868,1050,68695,24868295.0,55871168731.0,260.1315624200015,,1e-05,1000.0,1.0,
S3,AYEFCWQ,KSWIN,KSWIN_alpha=0.0001_window_size=1000,352.5778004221559,858.9351228838716,2.436157698685037,1061,68695,24220332.0,50681078916.0,229.431169862999,,0.0001,1000.0,1.0,
S3,AYEFCWQ,KSWIN,KSWIN_alpha=0.0001_window_size=300,39.9462260717665,72.66534839131316,1.8190791856222963,3387,68695,2744106.0,362726970.0,361.68806280699937,,0.0001,300.0,1.0,
S3,AYEFCWQ,KSWIN,KSWIN_alpha=1e-05_window_size=300,62.67322221413495,184.39844259684537,2.9422205542075552,3268,68695,4305337.0,2335821359.0,495.77514174300086,,1e-05,300.0,1.0,
S3,AYEFCWQ,KSWIN,KSWIN_alpha=0.001_window_size=1000,462.3005604483587,1217.3269857667071,2.633193835166654,1069,68695,31757737.0,101798089407.0,204.9445784290001,,0.001,1000.0,1.0,
S3,AYEFCWQ,KSWIN,KSWIN_alpha=0.001_window_size=300,47.03340854501784,86.4813073577681,1.838720816395709,3472,68695,3230960.0,513771040.0,281.37659583999994,,0.001,300.0,1.0,
S3,AYEFCWQ,KSWIN,KSWIN_alpha=0.0001_window_size=100,21.969604774728875,37.23416477405042,1.6948035777539343,8733,68695,1509202.0,95237582.0,777.5145573739992,,0.0001,100.0,1.0,
S3,AYEFCWQ,KSWIN,KSWIN_alpha=0.005_window_size=1000,531.7093092655942,1343.5319120420263,2.5268166056707475,1071,68695,36525771.0,123999833119.0,199.34134879699923,,0.005,1000.0,1.0,
S3,AYEFCWQ,KSWIN,KSWIN_alpha=0.005_window_size=300,51.599257587888495,121.17863678572624,2.348456982725456,3509,68695,3544611.0,1008735379.0,253.05882895099967,,0.005,300.0,1.0,
S3,AYEFCWQ,KSWIN,KSWIN_alpha=0.001_window_size=100,21.57091491374918,34.183215247732754,1.5846900970317472,9358,68695,1481814.0,80269572.0,601.601857955,,0.001,100.0,1.0,
S3,AYEFCWQ,KSWIN,KSWIN_alpha=1e-05_window_size=100,21.490632506004804,36.456881776114855,1.6964080403835604,8054,68695,1476299.0,91302815.0,1085.0548024539985,,1e-05,100.0,1.0,
S3,AYEFCWQ,KSWIN,KSWIN_alpha=0.005_window_size=100,19.851313778295363,30.359225895708875,1.5293308158224996,9622,68695,1363686.0,63314986.0,540.4762398580006,,0.005,100.0,1.0,
S3,AYEFCWQ,KSWIN,KSWIN_alpha=0.01_window_size=300,45.56804716500473,77.46563830677728,1.6999990810725198,3533,68695,3130297.0,412233551.0,231.04637183500017,,0.01,300.0,1.0,
S3,AYEFCWQ,KSWIN,KSWIN_alpha=0.01_window_size=1000,483.4686076133634,1286.887822559,2.661781555811256,1072,68695,33211876.0,113764434000.0,196.89807305700012,,0.01,1000.0,1.0,
S3,AYEFCWQ,PH,PH_threshold=25_delta=0.005,21.62832811703909,34.12188562824009,1.5776478627286228,30664,68695,1485758.0,79981800.0,281.4737794479988,0.005,,,,25.0
S3,AYEFCWQ,PH,PH_threshold=25_delta=0.5,20.868389256860038,32.571897104199984,1.5608246857621113,26765,68695,1433554.0,72880482.0,238.9800445740002,0.5,,,,25.0
S3,AYEFCWQ,PH,PH_threshold=25_delta=2,21.41743940607031,34.287456202132574,1.60091295472112,18956,68695,1471271.0,80759879.0,208.02432802000112,2.0,,,,25.0
S3,AYEFCWQ,PH,PH_threshold=25_delta=5,43.178266249363126,225.35113951292303,5.219087265141105,10824,68695,2966131.0,3488547533.0,202.6840077630004,5.0,,,,25.0
S3,AYEFCWQ,KSWIN,KSWIN_alpha=0.01_window_size=100,22.555338816507756,42.256581460875296,1.873462500592039,9873,68695,1549439.0,122663075.0,465.1299840869997,,0.01,100.0,1.0,
S3,AYEFCWQ,PH,PH_threshold=50_delta=0.005,19.66930635417425,29.765005579925752,1.5132717465458043,24104,68695,1351183.0,60860717.0,225.40815579399896,0.005,,,,50.0
S3,AYEFCWQ,PH,PH_threshold=50_delta=0.5,20.69045782080209,31.988336954939253,1.54604297459181,20778,68695,1421331.0,70292413.0,218.7130623239991,0.5,,,,50.0
S3,AYEFCWQ,PH,PH_threshold=50_delta=5,50.74245578280807,234.7093376466792,4.625502136737349,8160,68695,3485753.0,3784302665.0,193.8983436919989,5.0,,,,50.0
S3,AYEFCWQ,PH,PH_threshold=100_delta=0.005,21.580711842201037,35.255255044103166,1.6336465313049402,16606,68695,1482487.0,85383283.0,192.54467476399984,0.005,,,,100.0
S3,AYEFCWQ,PH,PH_threshold=50_delta=2,23.37199213916588,40.49993516693692,1.732840526634813,14513,68695,1605539.0,112676613.0,202.6988608749998,2.0,,,,50.0
S3,AYEFCWQ,PH,PH_threshold=100_delta=0.5,25.57261809447558,47.20238184542709,1.84581733755388,14461,68695,1756711.0,153056915.0,203.50132337600007,0.5,,,,100.0
S3,AYEFCWQ,PH,PH_threshold=100_delta=2,64.65885435621225,437.6601750480142,6.768758577702282,10107,68695,4441740.0,13158281928.0,187.8108209840011,2.0,,,,100.0
S3,AYEFCWQ,PH,PH_threshold=100_delta=5,55.67667224688842,239.48251349592385,4.301307959534304,5666,68695,3824709.0,3939787003.0,182.2398057800001,5.0,,,,100.0
S3,AYEFCWQ,PH,PH_threshold=200_delta=0.005,23.49074896280661,40.19797231137403,1.711225656321998,10270,68695,1613697.0,111002669.0,175.1615968139995,0.005,,,,200.0
S3,AYEFCWQ,PH,PH_threshold=200_delta=0.5,66.51622388820147,454.1191097117271,6.827193174329878,9006,68695,4569332.0,14166569070.0,176.50496511800156,0.5,,,,200.0
S3,AYEFCWQ,PH,PH_threshold=200_delta=2,28.26406579809302,48.92533604554364,1.7310084258594047,6386,68695,1941600.0,164434432.0,179.36497955999948,2.0,,,,200.0
S3,AYEFCWQ,PH,PH_threshold=500_delta=0.005,57.77008515903632,281.35331697528744,4.870225068921826,4963,68695,3968516.0,5437874834.0,173.19707515700065,0.005,,,,500.0
S3,AYEFCWQ,PH,PH_threshold=200_delta=5,239.6479219739428,924.646687184101,3.858354704551283,3678,68695,16462614.0,58732266926.0,178.22509178400105,5.0,,,,200.0
S3,AYEFCWQ,PH,PH_threshold=500_delta=0.5,152.77088579954872,778.8565229484817,5.098199953952106,4395,68695,10494596.0,41671588018.0,176.13654205200146,0.5,,,,500.0
S3,AYEFCWQ,PH,PH_threshold=500_delta=2,272.426129994905,1110.0294530622582,4.074607135090229,3173,68695,18714313.0,84643601237.0,179.37766698799896,2.0,,,,500.0
S3,AYEFCWQ,PH,PH_threshold=500_delta=5,326.0565106630759,1061.029750008219,3.254128395873724,1806,68695,22398452.0,77335740838.0,178.29260671500015,5.0,,,,500.0
S3,AMV7EQF,Sem detector (HT),HT,16.679078694817658,21.908989031534,1.313561104447653,0,52100,868980.0,25008198.0,99.96755971899984,,,,,
S3,AMV7EQF,ADWIN,ADWIN_delta=1e-05,28.82850287907869,78.19207476862269,2.7123182600428386,5587,52100,1501965.0,318539429.0,117.37214829499862,1e-05,,,,
S3,AMV7EQF,ADWIN,ADWIN_delta=0.0001,19.76038387715931,34.968979947108366,1.7696508410207763,6348,52100,1029516.0,63709420.0,116.9709157219986,0.0001,,,,
S3,AMV7EQF,ADWIN,ADWIN_delta=0.002,18.92767754318618,37.18588157980879,1.9646299180110145,7871,52100,986132.0,72043348.0,127.65880849799942,0.002,,,,
S3,AMV7EQF,ADWIN,ADWIN_delta=0.01,18.66566218809981,35.88488713595289,1.9225081207582928,9389,52100,972481.0,67090479.0,125.82237563300076,0.01,,,,
S3,AMV7EQF,ADWIN,ADWIN_delta=0.05,17.446429942418426,29.45938255852228,1.6885622248077314,11560,52100,908959.0,45215257.0,135.1431801710005,0.05,,,,
S3,AMV7EQF,KSWIN,KSWIN_alpha=1e-05_window_size=1000,452.70758157389633,1085.9518061843658,2.3987930628617136,791,52100,23586065.0,61441078051.0,211.1484554079998,,1e-05,1000.0,1.0,
S3,AMV7EQF,KSWIN,KSWIN_alpha=0.0001_window_size=1000,378.8920153550864,1076.9070163401343,2.842253129380119,803,52100,19740274.0,60421866408.0,176.39887180599908,,0.0001,1000.0,1.0,
S3,AMV7EQF,KSWIN,KSWIN_alpha=1e-05_window_size=300,39.22990403071017,72.26541796320916,1.8421002994714932,2417,52100,2043878.0,272081342.0,413.8666635360005,,1e-05,300.0,1.0,
S3,AMV7EQF,KSWIN,KSWIN_alpha=0.0001_window_size=300,34.68088291746641,62.00859546634042,1.7879762638658454,2520,52100,1806874.0,200327934.0,320.012897618999,,0.0001,300.0,1.0,
S3,AMV7EQF,KSWIN,KSWIN_alpha=0.001_window_size=300,30.113915547024952,57.726963565190346,1.916953093497447,2602,52100,1568935.0,173618161.0,237.35828378299996,,0.001,300.0,1.0,
S3,AMV7EQF,KSWIN,KSWIN_alpha=0.001_window_size=1000,493.5526487523993,1351.6629868425043,2.7386399207039687,809,52100,25714093.0,95186326443.0,162.11005012600071,,0.001,1000.0,1.0,
S3,AMV7EQF,KSWIN,KSWIN_alpha=0.005_window_size=300,36.20708253358925,73.02011988397089,2.016735808974121,2635,52100,1886389.0,277793965.0,210.6018549159999,,0.005,300.0,1.0,
S3,AMV7EQF,KSWIN,KSWIN_alpha=0.001_window_size=100,24.73028790786948,74.6536892627379,3.018714927252512,6872,52100,1288448.0,290362330.0,515.5034340609982,,0.001,100.0,1.0,
S3,AMV7EQF,KSWIN,KSWIN_alpha=0.005_window_size=1000,429.1785988483685,995.5808268458716,2.319735488948778,811,52100,22360205.0,51640539623.0,163.37532582399945,,0.005,1000.0,1.0,
S3,AMV7EQF,KSWIN,KSWIN_alpha=0.0001_window_size=100,16.1684452975048,25.716415961483253,1.5905311542509253,6246,52100,842376.0,34455504.0,690.966199839002,,0.0001,100.0,1.0,
S3,AMV7EQF,KSWIN,KSWIN_alpha=0.005_window_size=100,24.24827255278311,73.92928989264479,3.0488476955097368,7153,52100,1263335.0,284754629.0,452.0171863709984,,0.005,100.0,1.0,
S3,AMV7EQF,KSWIN,KSWIN_alpha=1e-05_window_size=100,24.11500959692898,72.02517287609308,2.9867362310842878,5563,52100,1256392.0,270275290.0,907.4577817000009,,1e-05,100.0,1.0,
S3,AMV7EQF,KSWIN,KSWIN_alpha=0.01_window_size=1000,521.472207293666,1334.3157184658755,2.558747522501153,812,52100,27168702.0,92758758544.0,153.16895522699997,,0.01,1000.0,1.0,
S3,AMV7EQF,KSWIN,KSWIN_alpha=0.01_window_size=300,28.86132437619961,53.73607733801885,1.8618715010296656,2661,52100,1503675.0,150442189.0,189.89029259499875,,0.01,300.0,1.0,
S3,AMV7EQF,PH,PH_threshold=25_delta=0.005,17.866314779270635,28.131615195585127,1.5745617125376516,24242,52100,930835.0,41231303.0,196.56831477000011,0.005,,,,25.0
S3,AMV7EQF,PH,PH_threshold=25_delta=5,21.474318618042226,41.718841396271024,1.9427317875976664,9318,52100,1118812.0,90678056.0,145.55897132999962,5.0,,,,25.0
S3,AMV7EQF,PH,PH_threshold=25_delta=2,15.673550863723609,24.40618372918324,1.5571572735104515,16071,52100,816592.0,31033980.0,164.54561963400192,2.0,,,,25.0
S3,AMV7EQF,PH,PH_threshold=25_delta=0.5,17.502380038387717,29.925898245441942,1.7098187892050054,21766,52100,911874.0,46658644.0,192.8009166029988,0.5,,,,25.0
S3,AMV7EQF,PH,PH_threshold=50_delta=0.005,16.416218809980805,27.33769166913229,1.6652855316786714,19589,52100,855285.0,38936903.0,186.9016243760016,0.005,,,,50.0
S3,AMV7EQF,KSWIN,KSWIN_alpha=0.01_window_size=100,16.06923224568138,26.48507673817947,1.6481855718587524,7363,52100,837207.0,36546029.0,387.05205697899873,,0.01,100.0,1.0,
S3,AMV7EQF,PH,PH_threshold=50_delta=0.5,15.630729366602688,24.237069291296216,1.5506038600528915,17010,52100,814361.0,30605391.0,178.02591458000097,0.5,,,,50.0
S3,AMV7EQF,PH,PH_threshold=50_delta=5,24.79637236084453,44.265994322492354,1.7851802545275504,6886,52100,1291891.0,102088817.0,138.37032271899807,5.0,,,,50.0
S3,AMV7EQF,PH,PH_threshold=50_delta=2,15.956353166986563,24.729938650206844,1.5498490407803636,11984,52100,831326.0,31862790.0,149.04884901900004,2.0,,,,50.0
S3,AMV7EQF,PH,PH_threshold=100_delta=0.005,15.517773512476008,23.623801394408492,1.5223705498353477,13400,52100,808476.0,29076176.0,158.31250672900205,0.005,,,,100.0
S3,AMV7EQF,PH,PH_threshold=100_delta=0.5,15.378502879078695,23.130798074812187,1.5040994729259316,11626,52100,801220.0,27875262.0,146.8962957699987,0.5,,,,100.0
S3,AMV7EQF,PH,PH_threshold=100_delta=2,23.661343570057586,45.436225580582686,1.9202724243470384,8093,52100,1232756.0,107557876.0,151.70436506600163,2.0,,,,100.0
S3,AMV7EQF,PH,PH_threshold=100_delta=5,28.218003838771597,51.43774912016412,1.822869874639699,4604,52100,1470158.0,137848370.0,135.9679524919993,5.0,,,,100.0
S3,AMV7EQF,PH,PH_threshold=200_delta=0.5,22.065009596928984,40.258683926302496,1.82454867057505,6990,52100,1149587.0,84441681.0,131.3654471760019,0.5,,,,200.0
S3,AMV7EQF,PH,PH_threshold=200_delta=0.005,17.40535508637236,26.78171340195996,1.538705373665653,7988,52100,906819.0,37369255.0,147.7938063790025,0.005,,,,200.0
S3,AMV7EQF,PH,PH_threshold=200_delta=2,25.515662188099807,44.99929963199918,1.7635952106697157,4974,52100,1329366.0,105499216.0,135.59191771399855,2.0,,,,200.0
S3,AMV7EQF,PH,PH_threshold=200_delta=5,109.85942418426104,747.214279174267,6.80154920456352,2868,52100,5723676.0,29088950226.0,135.95234384099967,5.0,,,,200.0
S3,AMV7EQF,PH,PH_threshold=500_delta=0.005,27.211362763915545,49.4700948847672,1.8179940238189216,3784,52100,1417712.0,127503824.0,131.3907536100014,0.005,,,,500.0
S3,AMV7EQF,PH,PH_threshold=500_delta=0.5,25.144165067178506,46.77880916146006,1.8604240401890284,3367,52100,1310011.0,114008189.0,133.88173565500256,0.5,,,,500.0
S3,AMV7EQF,PH,PH_threshold=500_delta=2,28.889596928982726,55.91721053290472,1.93554831070721,2454,52100,1505148.0,162902864.0,144.9944941279973,2.0,,,,500.0
S3,AMV7EQF,PH,PH_threshold=500_delta=5,277.73608445297504,1194.1997309612923,4.299764408767304,1398,52100,14470050.0,74300487166.0,132.26076515399836,5.0,,,,500.0
S3,A1ZJ41O,Sem detector (HT),HT,20.7795535155435,26.687411692281035,1.284311122099825,0,47930,995964.0,34136606.0,92.40869595200274,,,,,
S3,A1ZJ41O,ADWIN,ADWIN_delta=1e-05,24.255247235551845,45.7069790795035,1.884416128008336,5343,47930,1162554.0,100131902.0,107.62684316599916,1e-05,,,,
S3,A1ZJ41O,ADWIN,ADWIN_delta=0.0001,24.006175672856248,45.11250789364293,1.879204272617716,6066,47930,1150616.0,97544182.0,108.9592516800003,0.0001,,,,
S3,A1ZJ41O,ADWIN,ADWIN_delta=0.002,18.42284581681619,28.581826779128907,1.5514338589882624,7334,47930,883007.0,39155015.0,111.11062727800164,0.002,,,,
S3,A1ZJ41O,ADWIN,ADWIN_delta=0.01,18.23920300438139,28.525220995455197,1.5639510667545566,8536,47930,874205.0,39000077.0,114.8248610010014,0.01,,,,
S3,A1ZJ41O,ADWIN,ADWIN_delta=0.05,17.466743167118715,26.385304424792675,1.510602415822042,10452,47930,837181.0,33368113.0,123.93089253400105,0.05,,,,
S3,A1ZJ41O,KSWIN,KSWIN_alpha=1e-05_window_size=1000,285.7028791988316,862.6807226489573,3.019503076301113,733,47930,13693739.0,35670370141.0,180.21050405799903,,1e-05,1000.0,1.0,
S3,A1ZJ41O,KSWIN,KSWIN_alpha=0.0001_window_size=1000,317.69618193198414,790.653943608523,2.4887108771668998,741,47930,15227178.0,29962656254.0,160.93047803500303,,0.0001,1000.0,1.0,
S3,A1ZJ41O,KSWIN,KSWIN_alpha=0.0001_window_size=300,31.245608178593784,56.56278045405398,1.8102633858413697,2351,47930,1497602.0,153344756.0,263.7654127310016,,0.0001,300.0,1.0,
S3,A1ZJ41O,KSWIN,KSWIN_alpha=1e-05_window_size=300,116.9265595660338,710.7216197501696,6.078359120357017,2264,47930,5604290.0,24210651832.0,339.39531257899944,,1e-05,300.0,1.0,
S3,A1ZJ41O,KSWIN,KSWIN_alpha=0.001_window_size=300,36.27291883997496,70.19219197243568,1.9351128670428257,2417,47930,1738561.0,236148417.0,216.9353459949998,,0.001,300.0,1.0,
S3,A1ZJ41O,KSWIN,KSWIN_alpha=0.001_window_size=1000,457.14454412685166,1157.279694426936,2.531539989473889,745,47930,21910938.0,64192471234.0,146.61063865699907,,0.001,1000.0,1.0,
S3,A1ZJ41O,KSWIN,KSWIN_alpha=0.0001_window_size=100,23.87308575005216,64.85510322843949,2.716661930822989,6003,47930,1144237.0,201602419.0,593.0889226190011,,0.0001,100.0,1.0,
S3,A1ZJ41O,KSWIN,KSWIN_alpha=0.005_window_size=1000,388.9918214062174,945.462653877404,2.430546355600813,746,47930,18644378.0,42844609260.0,141.03202306499952,,0.005,1000.0,1.0,
S3,A1ZJ41O,KSWIN,KSWIN_alpha=0.005_window_size=300,37.08230753181724,67.86404300500821,1.83009223325112,2441,47930,1777355.0,220742973.0,179.05853014199965,,0.005,300.0,1.0,
S3,A1ZJ41O,KSWIN,KSWIN_alpha=0.001_window_size=100,22.20244105987899,44.98025739349036,2.0259149555754083,6484,47930,1064163.0,96973105.0,455.7283980459979,,0.001,100.0,1.0,
S3,A1ZJ41O,KSWIN,KSWIN_alpha=0.005_window_size=100,26.9876903818068,61.56987586491016,2.2814058926071064,6679,47930,1293520.0,181695422.0,371.9467442379973,,0.005,100.0,1.0,
S3,A1ZJ41O,KSWIN,KSWIN_alpha=1e-05_window_size=100,43.23398706446902,361.7020834079684,8.366151446282547,5473,47930,2072205.0,6270605075.0,788.6847300480003,,1e-05,100.0,1.0,
S3,A1ZJ41O,KSWIN,KSWIN_alpha=0.01_window_size=1000,310.0566242436887,844.0440290723742,2.7222254358578017,748,47930,14861014.0,34145826782.0,136.40318849600226,,0.01,1000.0,1.0,
S3,A1ZJ41O,KSWIN,KSWIN_alpha=0.01_window_size=300,36.544189442937615,68.53389271185414,1.875370442101808,2455,47930,1751563.0,225122151.0,170.6834424890003,,0.01,300.0,1.0,
S3,A1ZJ41O,PH,PH_threshold=25_delta=0.005,17.296828708533276,25.49731968420713,1.474103728137644,19865,47930,829037.0,31159931.0,171.9344307379979,0.005,,,,25.0
S3,A1ZJ41O,PH,PH_threshold=25_delta=0.5,18.385040684331315,26.968240201272227,1.4668577929368392,16396,47930,881195.0,34858817.0,160.36383910299992,0.5,,,,25.0
S3,A1ZJ41O,PH,PH_threshold=25_delta=2,20.425078239098685,34.061837337099895,1.6676478267729256,10290,47930,978974.0,55608806.0,137.6111018949996,2.0,,,,25.0
S3,A1ZJ41O,PH,PH_threshold=25_delta=5,172.1918631337367,813.335112750713,4.723423615661897,5186,47930,8253156.0,31706366290.0,128.65934739699878,5.0,,,,25.0
S3,A1ZJ41O,PH,PH_threshold=50_delta=0.005,17.949155017734196,26.727008151685183,1.489039908858008,14524,47930,860303.0,34237979.0,154.93075840999882,0.005,,,,50.0
S3,A1ZJ41O,KSWIN,KSWIN_alpha=0.01_window_size=100,25.155288963071147,56.81685963979518,2.258644681967452,6852,47930,1205693.0,154725495.0,334.7421963809975,,0.01,100.0,1.0,
S3,A1ZJ41O,PH,PH_threshold=50_delta=0.5,17.47271020237847,26.13720597935557,1.4958873395495136,11875,47930,837467.0,32743549.0,136.20679252000264,0.5,,,,50.0
S3,A1ZJ41O,PH,PH_threshold=50_delta=2,52.95487168787815,276.73247480579994,5.225817115314557,7451,47930,2538127.0,3670520745.0,128.64228106700102,2.0,,,,50.0
S3,A1ZJ41O,PH,PH_threshold=50_delta=5,101.92050907573544,431.7515771952649,4.236159935920624,3822,47930,4885050.0,8934603712.0,131.04593705300067,5.0,,,,50.0
S3,A1ZJ41O,PH,PH_threshold=100_delta=0.005,17.840976423951595,28.119911042486358,1.5761419316005172,9480,47930,855118.0,37899660.0,125.51786190500206,0.005,,,,100.0
S3,A1ZJ41O,PH,PH_threshold=100_delta=0.5,21.181577300229502,34.88252796679844,1.6468333529826642,7829,47930,1015233.0,58320781.0,126.49105983000118,0.5,,,,100.0
S3,A1ZJ41O,PH,PH_threshold=100_delta=2,44.792384727727935,198.64620397648335,4.434820900560692,5027,47930,2146899.0,1891332867.0,127.26805958699696,2.0,,,,100.0
S3,A1ZJ41O,PH,PH_threshold=100_delta=5,148.1966617984561,643.9047868638758,4.344934488062699,2628,47930,7103066.0,19872419042.0,131.23434387000088,5.0,,,,100.0
S3,A1ZJ41O,PH,PH_threshold=200_delta=0.005,24.55900271228876,43.89031646035597,1.7871375712823336,5723,47930,1177113.0,92330429.0,120.4423660700013,0.005,,,,200.0
S3,A1ZJ41O,PH,PH_threshold=200_delta=0.5,31.35837679949927,116.3385746320769,3.709968005548508,4808,47930,1503007.0,648716443.0,124.5547606580003,0.5,,,,200.0
S3,A1ZJ41O,PH,PH_threshold=200_delta=2,108.83114959315668,389.6360049280916,3.580188267648253,3165,47930,5216277.0,7276551249.0,126.61728563400176,2.0,,,,200.0
S3,A1ZJ41O,PH,PH_threshold=200_delta=5,191.05714583767997,725.1646054567904,3.7955377291822536,1693,47930,9157369.0,25204647381.0,127.10312660300042,5.0,,,,200.0
S3,A1ZJ41O,PH,PH_threshold=500_delta=0.005,199.00696849572293,709.2747903812699,3.5640701214767447,2700,47930,9538404.0,24112180006.0,126.17706438200184,0.005,,,,500.0
S3,A1ZJ41O,PH,PH_threshold=500_delta=0.5,258.285416232005,866.399299329938,3.354425936893372,2332,47930,12379620.0,35978546460.0,125.80814300899874,0.5,,,,500.0
S3,A1ZJ41O,PH,PH_threshold=500_delta=2,179.28299603588567,703.6845411733401,3.9249932047793816,1582,47930,8593034.0,23733590772.0,126.27597820399752,2.0,,,,500.0
S3,A1ZJ41O,PH,PH_threshold=500_delta=5,237.9824744418944,737.0102146787307,3.096909620790914,853,47930,11406500.0,26034811830.0,118.54485887999908,5.0,,,,500.0
S3,AZIK4ZA,Sem detector (HT),HT,23.996165557685803,32.13773925504714,1.339286444652556,0,44335,1063870.0,45790708.0,84.5051092850008,,,,,
S3,AZIK4ZA,ADWIN,ADWIN_delta=1e-05,18.104770497349723,34.053236835685034,1.880898564313198,5361,44335,802675.0,51411883.0,100.07174216499698,1e-05,,,,
S3,AZIK4ZA,ADWIN,ADWIN_delta=0.0001,14.828577873012293,24.337311847075608,1.6412438236150086,5977,44335,657425.0,26259831.0,100.8617848449976,0.0001,,,,
S3,AZIK4ZA,ADWIN,ADWIN_delta=0.002,14.393120559377468,21.36370876811561,1.484299994569047,7185,44335,638119.0,20234851.0,104.50257342599798,0.002,,,,
S3,AZIK4ZA,ADWIN,ADWIN_delta=0.01,13.92261193188226,19.33267486878228,1.3885810337434727,8357,44335,617259.0,16570309.0,112.26573739000014,0.01,,,,
S3,AZIK4ZA,ADWIN,ADWIN_delta=0.05,13.910837938423368,19.855984817623725,1.427375180813455,10049,44335,616737.0,17479523.0,120.76111371099978,0.05,,,,
S3,AZIK4ZA,KSWIN,KSWIN_alpha=1e-05_window_size=1000,199.4991090560505,473.5696003675076,2.3737930590680247,679,44335,8844793.0,9942929157.0,162.9195660080004,,1e-05,1000.0,1.0,
S3,AZIK4ZA,KSWIN,KSWIN_alpha=0.0001_window_size=1000,308.45142663809634,713.9999283529773,2.3147888668730583,685,44335,13675194.0,22601801124.0,145.86482978999993,,0.0001,1000.0,1.0,
S3,AZIK4ZA,KSWIN,KSWIN_alpha=1e-05_window_size=300,28.474343069809407,48.78883317391478,1.7134313881904546,2116,44335,1262410.0,105532828.0,296.8217242610008,,1e-05,300.0,1.0,
S3,AZIK4ZA,KSWIN,KSWIN_alpha=0.0001_window_size=300,31.08106462163077,51.60033688953996,1.6601856312743184,2186,44335,1377979.0,118046139.0,228.1568304829998,,0.0001,300.0,1.0,
S3,AZIK4ZA,KSWIN,KSWIN_alpha=0.001_window_size=300,31.91210104883275,52.27597452103217,1.6381238716008726,2236,44335,1414823.0,121157691.0,186.0178252369988,,0.001,300.0,1.0,
S3,AZIK4ZA,KSWIN,KSWIN_alpha=0.001_window_size=1000,268.27993684447955,740.7460730042737,2.761093810133407,689,44335,11894191.0,24326824855.0,132.06034151300264,,0.001,1000.0,1.0,
S3,AZIK4ZA,KSWIN,KSWIN_alpha=0.005_window_size=1000,224.9932558926356,550.528023232694,2.4468645562220765,692,44335,9975076.0,13437100762.0,124.53789996799968,,0.005,1000.0,1.0,
S3,AZIK4ZA,KSWIN,KSWIN_alpha=0.005_window_size=300,30.586714785158453,54.70159326613041,1.788410218304098,2258,44335,1356062.0,132662038.0,167.7443287999995,,0.005,300.0,1.0,
S3,AZIK4ZA,KSWIN,KSWIN_alpha=0.0001_window_size=100,15.034555091913838,27.65068276070576,1.839142069164212,5430,44335,666557.0,33896779.0,565.155197103999,,0.0001,100.0,1.0,
S3,AZIK4ZA,KSWIN,KSWIN_alpha=0.001_window_size=100,15.651088304950942,24.501469863821715,1.5654802647858752,5876,44335,693891.0,26615277.0,426.7748104600032,,0.001,100.0,1.0,
S3,AZIK4ZA,KSWIN,KSWIN_alpha=0.005_window_size=100,15.077185068230518,23.34596740773929,1.5484301149113118,6060,44335,668447.0,24164091.0,380.80170034800176,,0.005,100.0,1.0,
S3,AZIK4ZA,KSWIN,KSWIN_alpha=1e-05_window_size=100,17.67436562535243,30.87169539614657,1.746693264728192,4899,44335,783593.0,42253985.0,721.9268089690013,,1e-05,100.0,1.0,
S3,AZIK4ZA,KSWIN,KSWIN_alpha=0.01_window_size=1000,385.2582835231758,960.848479573768,2.494037171081272,692,44335,17080426.0,40931393214.0,124.82697921300132,,0.01,1000.0,1.0,
S3,AZIK4ZA,KSWIN,KSWIN_alpha=0.01_window_size=300,32.18457200857111,52.51293868176823,1.6316183626050225,2274,44335,1426903.0,122258583.0,153.75338077299966,,0.01,300.0,1.0,
S3,AZIK4ZA,PH,PH_threshold=25_delta=0.005,16.86859140633811,29.92325547127724,1.7739036265964714,18717,44335,747869.0,39697613.0,172.54684149699824,0.005,,,,25.0
S3,AZIK4ZA,PH,PH_threshold=25_delta=2,13.883703620164656,22.652362713050284,1.6315792480725424,11123,44335,615534.0,22749598.0,131.59222516799855,2.0,,,,25.0
S3,AZIK4ZA,PH,PH_threshold=25_delta=0.5,13.06687718506823,19.239602638505968,1.4723948473696091,15946,44335,579320.0,16411146.0,148.9664627940001,0.5,,,,25.0
S3,AZIK4ZA,PH,PH_threshold=25_delta=5,38.75240780421789,164.3947858276168,4.242182489876765,6503,44335,1718088.0,1198181998.0,131.69539682899995,5.0,,,,25.0
S3,AZIK4ZA,PH,PH_threshold=50_delta=0.005,13.96179091011616,23.55150277496719,1.6868539950632482,14502,44335,618996.0,24591440.0,141.75662565399762,0.005,,,,50.0
S3,AZIK4ZA,KSWIN,KSWIN_alpha=0.01_window_size=100,15.138851922860043,23.773691002773266,1.57037608425738,6224,44335,671181.0,25057627.0,343.84008819800147,,0.01,100.0,1.0,
S3,AZIK4ZA,PH,PH_threshold=50_delta=0.5,13.71848426750874,22.515363224775346,1.641242777680723,12322,44335,608209.0,22475255.0,132.62930538400178,0.5,,,,50.0
S3,AZIK4ZA,PH,PH_threshold=50_delta=5,97.18333145370477,384.2045889160226,3.953400065309,5025,44335,4308623.0,6544429721.0,116.49823390000164,5.0,,,,50.0
S3,AZIK4ZA,PH,PH_threshold=50_delta=2,19.27623773542348,31.797358692961872,1.6495624887697162,8558,44335,854612.0,44825878.0,137.55481868100105,2.0,,,,50.0
S3,AZIK4ZA,PH,PH_threshold=100_delta=0.005,14.226525318597044,21.86425358324525,1.5368653338467757,10047,44335,630733.0,21194151.0,124.39008897999884,0.005,,,,100.0
S3,AZIK4ZA,PH,PH_threshold=100_delta=0.5,13.29121461599188,19.393690048924935,1.4591360240011932,8672,44335,589266.0,16675068.0,119.64216484900317,0.5,,,,100.0
S3,AZIK4ZA,PH,PH_threshold=100_delta=2,20.97099357167024,34.799779823499875,1.659424466683876,6123,44335,929749.0,53690779.0,127.96000167300008,2.0,,,,100.0
S3,AZIK4ZA,PH,PH_threshold=100_delta=5,151.6522386376452,491.84798924529713,3.243262306338311,3715,44335,6723502.0,10725276898.0,114.85042387100113,5.0,,,,100.0
S3,AZIK4ZA,PH,PH_threshold=200_delta=0.005,16.229502650276306,26.515639250165755,1.6337924717436938,6400,44335,719535.0,31171013.0,119.4355388490003,0.005,,,,200.0
S3,AZIK4ZA,PH,PH_threshold=200_delta=0.5,20.54158114356603,35.91386290366972,1.7483494893925702,5626,44335,910711.0,57183529.0,114.62535780200052,0.5,,,,200.0
S3,AZIK4ZA,PH,PH_threshold=200_delta=2,82.96007668884629,353.63932315396426,4.262765142808865,4091,44335,3678035.0,5544569277.0,115.05115596200268,2.0,,,,200.0
S3,AZIK4ZA,PH,PH_threshold=200_delta=5,269.01975865568966,695.2305121361368,2.584310221711044,2608,44335,11926991.0,21429121191.0,113.06406115999926,5.0,,,,200.0
S3,AZIK4ZA,PH,PH_threshold=500_delta=0.005,101.35071613849104,390.638164626255,3.854320714344693,3320,44335,4493384.0,6765440118.0,111.26543042699996,0.005,,,,500.0
S3,AZIK4ZA,PH,PH_threshold=500_delta=0.5,204.7469268072629,651.3135087505493,3.1810661039306285,2976,44335,9077455.0,18807318725.0,112.9259701819974,0.5,,,,500.0
S3,AZIK4ZA,PH,PH_threshold=500_delta=2,224.1175820457877,641.4744675181752,2.862222863831899,2309,44335,9936253.0,18243386649.0,114.7271252779974,2.0,,,,500.0
S3,AZIK4ZA,PH,PH_threshold=500_delta=5,394.9732491259727,876.5794688171096,2.219338830558455,1580,44335,17511139.0,34066640041.0,110.77268943599849,5.0,,,,500.0
S3,AX6281V,Sem detector (HT),HT,24.33155053974485,32.063260887255986,1.317764802324522,0,40760,991754.0,41903428.0,76.10617134100175,,,,,
S3,AX6281V,ADWIN,ADWIN_delta=1e-05,18.330323846908733,28.04813435900164,1.530149417612812,4043,40760,747144.0,32065804.0,91.98353567899905,1e-05,,,,
S3,AX6281V,ADWIN,ADWIN_delta=0.0001,17.217296368989206,28.427315075372565,1.65109053513037,4569,40760,701777.0,32938655.0,91.90456470500068,0.0001,,,,
S3,AX6281V,ADWIN,ADWIN_delta=0.002,16.497080471050047,22.219652976817752,1.3468839541523714,5660,40760,672421.0,20123741.0,93.15263439000046,0.002,,,,
S3,AX6281V,ADWIN,ADWIN_delta=0.05,16.389401373895975,22.37414808329885,1.3651595670196357,8155,40760,668032.0,20404558.0,102.08385792100307,0.05,,,,
S3,AX6281V,ADWIN,ADWIN_delta=0.01,16.39732580961727,22.133223066181536,1.3498068723620822,6643,40760,668355.0,19967491.0,103.8431769989984,0.01,,,,
S3,AX6281V,KSWIN,KSWIN_alpha=1e-05_window_size=1000,228.236481844946,573.6069899979295,2.5132134239065835,617,40760,9302919.0,13411058143.0,169.69165981999686,,1e-05,1000.0,1.0,
S3,AX6281V,KSWIN,KSWIN_alpha=0.0001_window_size=1000,196.0473258096173,518.9671885220802,2.6471526014389624,627,40760,7990889.0,10977766187.0,144.38793720300237,,0.0001,1000.0,1.0,
S3,AX6281V,KSWIN,KSWIN_alpha=0.0001_window_size=300,66.63893523061826,338.0406119445516,5.072719286025353,1952,40760,2716203.0,4657704519.0,264.52958643999955,,0.0001,300.0,1.0,
S3,AX6281V,KSWIN,KSWIN_alpha=1e-05_window_size=300,35.23684985279686,66.86289672009258,1.8975276450481413,1847,40760,1436254.0,182223570.0,356.22672582700034,,1e-05,300.0,1.0,
S3,AX6281V,KSWIN,KSWIN_alpha=0.001_window_size=300,38.5036310107949,66.89256029020422,1.7373052497685266,2023,40760,1569408.0,182385292.0,202.05050584499983,,0.001,300.0,1.0,
S3,AX6281V,KSWIN,KSWIN_alpha=0.001_window_size=1000,343.9151128557409,993.4069854860904,2.8885237907610826,631,40760,14017980.0,40224309206.0,128.22271468300096,,0.001,1000.0,1.0,
S3,AX6281V,KSWIN,KSWIN_alpha=0.005_window_size=1000,424.1151128557409,904.9644736817596,2.133770870809726,634,40760,17286932.0,33380838076.0,121.96616470899971,,0.005,1000.0,1.0,
S3,AX6281V,KSWIN,KSWIN_alpha=0.005_window_size=300,39.64524043179588,75.28045013626281,1.8988521526505144,2053,40760,1615940.0,230992878.0,170.4134931860026,,0.005,300.0,1.0,
S3,AX6281V,KSWIN,KSWIN_alpha=0.0001_window_size=100,29.315480863591755,73.16906749894629,2.495919061993567,4625,40760,1194899.0,218217319.0,617.9474716139994,,0.0001,100.0,1.0,
S3,AX6281V,KSWIN,KSWIN_alpha=0.001_window_size=100,22.73547595682041,59.00705618057178,2.595373692314115,5164,40760,926698.0,141919500.0,458.996870261999,,0.001,100.0,1.0,
S3,AX6281V,KSWIN,KSWIN_alpha=0.01_window_size=300,34.11418056918548,58.07948641219056,1.7025027552516494,2072,40760,1390494.0,137492722.0,154.13639255199814,,0.01,300.0,1.0,
S3,AX6281V,KSWIN,KSWIN_alpha=1e-05_window_size=100,21.465775269872424,45.25139325762936,2.108071694999083,4085,40760,874945.0,83463787.0,786.2550619959984,,1e-05,100.0,1.0,
S3,AX6281V,KSWIN,KSWIN_alpha=0.01_window_size=1000,358.443375858685,887.5293918476858,2.47606582133517,635,40760,14610152.0,32106995256.0,118.34507625599872,,0.01,1000.0,1.0,
S3,AX6281V,KSWIN,KSWIN_alpha=0.005_window_size=100,22.81467124631992,59.29386075686392,2.598935576002578,5397,40760,929926.0,143302456.0,405.1047168559999,,0.005,100.0,1.0,
S3,AX6281V,PH,PH_threshold=25_delta=0.005,16.93029931305201,24.711131392963654,1.4595803025120295,16936,40760,690079.0,24889687.0,143.13177534900024,0.005,,,,25.0
S3,AX6281V,PH,PH_threshold=25_delta=0.5,16.339106967615308,23.70586234911962,1.4508664638835822,14004,40760,665982.0,22905812.0,130.9385946980001,0.5,,,,25.0
S3,AX6281V,PH,PH_threshold=25_delta=2,17.899411187438666,25.9968179527854,1.4523839740063225,8828,40760,729580.0,27547016.0,114.90528618399912,2.0,,,,25.0
S3,AX6281V,PH,PH_threshold=25_delta=5,50.41106476938175,176.8731707271112,3.508618029320796,4482,40760,2054755.0,1275140671.0,112.65061629600314,5.0,,,,25.0
S3,AX6281V,PH,PH_threshold=50_delta=0.005,15.996221786064767,22.64404983942846,1.4155873894643671,12324,40760,652006.0,20899812.0,133.17673429899878,0.005,,,,50.0
S3,AX6281V,PH,PH_threshold=50_delta=0.5,16.359960745829245,23.83112712852453,1.4566738575213245,9933,40760,666832.0,23148526.0,123.02349473400318,0.5,,,,50.0
S3,AX6281V,KSWIN,KSWIN_alpha=0.01_window_size=100,17.80775269872424,24.058372748651397,1.3510055511033097,5584,40760,725844.0,23592104.0,399.2410788060006,,0.01,100.0,1.0,
S3,AX6281V,PH,PH_threshold=50_delta=2,24.28643277723258,38.13787645131672,1.5703366896710014,6135,40760,989915.0,59285323.0,118.70966268399934,2.0,,,,50.0
S3,AX6281V,PH,PH_threshold=50_delta=5,43.41901373895976,144.55595004640062,3.3293236671723605,3161,40760,1769759.0,851738189.0,105.53741304099822,5.0,,,,50.0
S3,AX6281V,PH,PH_threshold=100_delta=0.005,16.209936211972522,23.14490503432853,1.427822092059431,7838,40760,660717.0,21834587.0,107.72239054100282,0.005,,,,100.0
S3,AX6281V,PH,PH_threshold=100_delta=0.5,16.31025515210991,23.133089784620577,1.418315628350428,6431,40760,664806.0,21812300.0,109.47134722699776,0.5,,,,100.0
S3,AX6281V,PH,PH_threshold=100_delta=2,36.50824337585868,139.71318352481228,3.826894164324503,4037,40760,1488076.0,795625974.0,106.8634123519987,2.0,,,,100.0
S3,AX6281V,PH,PH_threshold=100_delta=5,177.5939401373896,558.7053395595967,3.1459707416107388,2185,40760,7238729.0,12723301517.0,105.702672419,5.0,,,,100.0
S3,AX6281V,PH,PH_threshold=200_delta=0.005,18.765235525024533,26.55091161811019,1.414898927471654,4624,40760,764871.0,28733799.0,101.5936783319994,0.005,,,,200.0
S3,AX6281V,PH,PH_threshold=200_delta=0.5,24.630961727183514,40.70978391466605,1.6527890532888707,3859,40760,1003958.0,67550998.0,103.88786092699956,0.5,,,,200.0
S3,AX6281V,PH,PH_threshold=200_delta=2,91.29992639842985,349.4916739381783,3.827951321811677,2583,40760,3721385.0,4978606973.0,105.64452986099786,2.0,,,,200.0
S3,AX6281V,PH,PH_threshold=200_delta=5,194.4596908734053,587.35389039849,3.0204403172730627,1454,40760,7926177.0,14061571993.0,101.61765969699992,5.0,,,,200.0
S3,AX6281V,PH,PH_threshold=500_delta=0.005,93.98037291462218,394.8726423545679,4.201650090421493,2275,40760,3830640.0,6355478694.0,104.38910620399838,0.005,,,,500.0
S3,AX6281V,PH,PH_threshold=500_delta=0.5,123.98383218842002,483.7966107002245,3.902094346987047,1972,40760,5053581.0,9540251383.0,107.1843982499995,0.5,,,,500.0
S3,AX6281V,PH,PH_threshold=500_delta=2,228.42112365063787,682.5739716444201,2.988226135724615,1391,40760,9310445.0,18990378563.0,103.63902311000128,2.0,,,,500.0
S3,AX6281V,PH,PH_threshold=500_delta=5,206.58302257114815,583.0260619480889,2.8222360903219523,801,40760,8420324.0,13855114292.0,100.2884552689975,5.0,,,,500.0
S3,A7EM0B6,Sem detector (HT),HT,24.432442252790032,31.82335180677881,1.3025039198913804,0,38530,941382.0,39020322.0,71.09905473899926,,,,,
S3,A7EM0B6,ADWIN,ADWIN_delta=1e-05,21.816039449779392,41.25137942152434,1.8908738919584915,4537,38530,840572.0,65565588.0,87.03160430799835,1e-05,,,,
S3,A7EM0B6,ADWIN,ADWIN_delta=0.0001,22.813392161951725,42.829223464347855,1.877371990991266,5111,38530,879000.0,70677212.0,87.8562909650027,0.0001,,,,
S3,A7EM0B6,ADWIN,ADWIN_delta=0.002,17.0291720737088,25.18334327713592,1.4788354459120348,6169,38530,656134.0,24435756.0,90.11564391499996,0.002,,,,
S3,A7EM0B6,ADWIN,ADWIN_delta=0.01,16.783804827407216,23.82094074028985,1.4192813241840907,7247,38530,646680.0,21863356.0,92.94022414700156,0.01,,,,
S3,A7EM0B6,ADWIN,ADWIN_delta=0.05,16.86161432649883,24.071919449751576,1.427616536805815,8688,38530,649678.0,22326490.0,98.99949164300052,0.05,,,,
S3,A7EM0B6,KSWIN,KSWIN_alpha=1e-05_window_size=1000,524.1550739683364,1142.4287619464517,2.179562535371858,586,38530,20195695.0,50287178135.0,155.9506358590006,,1e-05,1000.0,1.0,
S3,A7EM0B6,KSWIN,KSWIN_alpha=0.0001_window_size=1000,464.2009862444848,935.8380520932308,2.016019094798616,593,38530,17885664.0,33744298886.0,133.19739615900107,,0.0001,1000.0,1.0,
S3,A7EM0B6,KSWIN,KSWIN_alpha=0.0001_window_size=300,39.594731378146896,70.42838607786885,1.7787312510153723,1880,38530,1525585.0,191114871.0,216.99706305400105,,0.0001,300.0,1.0,
S3,A7EM0B6,KSWIN,KSWIN_alpha=1e-05_window_size=300,38.72797819880613,67.21954782393894,1.7356844056995242,1802,38530,1492189.0,174096557.0,287.78446019499825,,1e-05,300.0,1.0,
S3,A7EM0B6,KSWIN,KSWIN_alpha=0.001_window_size=300,40.89641837529198,74.37504950304455,1.8186201251300544,1928,38530,1575739.0,213134397.0,174.14508613200087,,0.001,300.0,1.0,
S3,A7EM0B6,KSWIN,KSWIN_alpha=0.001_window_size=1000,457.0742019205813,958.8833512546051,2.097872396266231,597,38530,17611069.0,35426689049.0,118.75335964899932,,0.001,1000.0,1.0,
S3,A7EM0B6,KSWIN,KSWIN_alpha=0.005_window_size=1000,367.5613547884765,860.9079061765012,2.34221551031102,599,38530,14162139.0,28556988155.0,115.10555957999895,,0.005,1000.0,1.0,
S3,A7EM0B6,KSWIN,KSWIN_alpha=0.001_window_size=100,18.99286270438619,30.558832223045297,1.6089639934051687,5093,38530,731795.0,35980941.0,374.9898273959989,,0.001,100.0,1.0,
S3,A7EM0B6,KSWIN,KSWIN_alpha=0.005_window_size=300,42.79172073708799,73.77108887006837,1.723957055228449,1953,38530,1648765.0,209686947.0,166.0459396820006,,0.005,300.0,1.0,
S3,A7EM0B6,KSWIN,KSWIN_alpha=0.0001_window_size=100,18.838203996885543,28.2417321021712,1.4991732814253582,4721,38530,725836.0,30731352.0,542.0066618290002,,0.0001,100.0,1.0,
S3,A7EM0B6,KSWIN,KSWIN_alpha=1e-05_window_size=100,22.109784583441478,43.30788800863524,1.9587657150250803,4259,38530,851890.0,72265834.0,626.3823377920016,,1e-05,100.0,1.0,
S3,A7EM0B6,KSWIN,KSWIN_alpha=0.005_window_size=100,18.58793148196211,28.968531840777192,1.5584591469410412,5286,38530,716193.0,32333445.0,330.6715184140012,,0.005,100.0,1.0,
S3,A7EM0B6,KSWIN,KSWIN_alpha=0.01_window_size=1000,279.9431092655074,784.0956493862545,2.800910697332407,601,38530,10786208.0,23688474694.0,114.71587304299828,,0.01,1000.0,1.0,
S3,A7EM0B6,KSWIN,KSWIN_alpha=0.01_window_size=300,38.35172592784843,63.40599144279268,1.653276088853971,1967,38530,1477692.0,154902920.0,147.56865518400082,,0.01,300.0,1.0,
S3,A7EM0B6,PH,PH_threshold=25_delta=0.005,16.5085907085388,23.92346673407043,1.4491525749497445,16616,38530,636076.0,22051962.0,145.6593289750017,0.005,,,,25.0
S3,A7EM0B6,PH,PH_threshold=25_delta=0.5,16.868959252530495,25.920943816065,1.5366059890254715,14075,38530,649961.0,25888127.0,134.95983170399995,0.5,,,,25.0
S3,A7EM0B6,PH,PH_threshold=25_delta=2,19.644510770827925,30.98123265039277,1.5770936223262866,9551,38530,756903.0,36982511.0,118.33609657800116,2.0,,,,25.0
S3,A7EM0B6,PH,PH_threshold=25_delta=5,49.84194134440696,198.6965826307301,3.986533775996808,5459,38530,1920410.0,1521177190.0,109.3298052809987,5.0,,,,25.0
S3,A7EM0B6,KSWIN,KSWIN_alpha=0.01_window_size=100,20.860472359200624,35.77565270904739,1.7149972490085224,5449,38530,803754.0,49314444.0,291.5230152860022,,0.01,100.0,1.0,
S3,A7EM0B6,PH,PH_threshold=50_delta=0.005,15.822242408512848,23.3227109285306,1.4740458606538775,12707,38530,609631.0,20958349.0,128.7930791409999,0.005,,,,50.0
S3,A7EM0B6,PH,PH_threshold=50_delta=0.5,16.78987801712951,25.49912747930943,1.5187202344945268,10718,38530,646914.0,25052418.0,120.48196126999756,0.5,,,,50.0
S3,A7EM0B6,PH,PH_threshold=50_delta=2,20.392291720737088,33.80589430097524,1.6577780841864749,7312,38530,785715.0,44033567.0,110.02839756699905,2.0,,,,50.0
S3,A7EM0B6,PH,PH_threshold=50_delta=5,82.10882429275888,275.561045458537,3.3560466591998024,4265,38530,3163653.0,2925732773.0,107.57443509000224,5.0,,,,50.0
S3,A7EM0B6,PH,PH_threshold=100_delta=0.005,18.723851544251232,30.203580381193863,1.6131072343642483,8726,38530,721430.0,35149234.0,111.31613896800263,0.005,,,,100.0
S3,A7EM0B6,PH,PH_threshold=100_delta=0.5,17.39436802491565,27.01173769913964,1.552901356372827,7471,38530,670205.0,28112797.0,118.630671900999,0.5,,,,100.0
S3,A7EM0B6,PH,PH_threshold=100_delta=2,27.416636387230728,48.94976078833687,1.7854035811313154,5205,38530,1056363.0,92320927.0,113.66532136300157,2.0,,,,100.0
S3,A7EM0B6,PH,PH_threshold=100_delta=5,152.3586815468466,622.607291099858,4.086457593218417,3093,38530,5870380.0,14935762994.0,104.44271909999952,5.0,,,,100.0
S3,A7EM0B6,PH,PH_threshold=200_delta=0.005,54.6583441474176,387.09786089055984,7.082136623943973,5483,38530,2105986.0,5773518368.0,103.20236194300014,0.005,,,,200.0
S3,A7EM0B6,PH,PH_threshold=200_delta=0.5,23.78284453672463,39.44568257572077,1.6585771527375597,4769,38530,916353.0,59951211.0,110.61411559000044,0.5,,,,200.0
S3,A7EM0B6,PH,PH_threshold=200_delta=2,22.831715546327537,36.502589422102055,1.5987668271372393,3416,38530,879706.0,51338876.0,102.96138277000136,2.0,,,,200.0
S3,A7EM0B6,PH,PH_threshold=200_delta=5,114.4119127952245,326.8562917046879,2.8568379263940664,2066,38530,4408291.0,4116353915.0,103.22411086099964,5.0,,,,200.0
S3,A7EM0B6,PH,PH_threshold=500_delta=0.005,38.569114975343886,181.32356419896948,4.701263285789274,2699,38530,1486068.0,1266798392.0,101.69306729099844,0.005,,,,500.0
S3,A7EM0B6,PH,PH_threshold=500_delta=0.5,109.8596418375292,513.3216026424602,4.672522084148141,2391,38530,4232892.0,10152619080.0,105.29934497099748,0.5,,,,500.0
S3,A7EM0B6,PH,PH_threshold=500_delta=5,306.7584479626265,615.4070159677754,2.00616159083825,1093,38530,11819403.0,14592304893.0,101.09067145000154,5.0,,,,500.0
S3,A7EM0B6,PH,PH_threshold=500_delta=2,161.77851025175187,450.1043977871633,2.7822261256252925,1760,38530,6233326.0,7805945622.0,109.99771019099715,2.0,,,,500.0
S3,A36HR6Y,Sem detector (HT),HT,19.36995794111757,25.251769692868464,1.3036564028497597,0,24965,483571.0,15918979.0,46.40094663499622,,,,,
S3,A36HR6Y,ADWIN,ADWIN_delta=1e-05,15.759943921490086,30.93360248771577,1.9627990202132035,2788,24965,393447.0,23888703.0,55.03572293399338,1e-05,,,,
S3,A36HR6Y,ADWIN,ADWIN_delta=0.0001,15.2420188263569,28.67747891492001,1.8814751012726847,3178,24965,380517.0,20531161.0,56.8721467610012,0.0001,,,,
S3,A36HR6Y,ADWIN,ADWIN_delta=0.002,14.959222912076909,27.00512224149688,1.805249002586562,3935,24965,373457.0,18206391.0,56.569318500005465,0.002,,,,
S3,A36HR6Y,ADWIN,ADWIN_delta=0.01,14.59010614860805,19.977768537302207,1.3692682105132017,4630,24965,364242.0,9963812.0,59.81902229700063,0.01,,,,
S3,A36HR6Y,ADWIN,ADWIN_delta=0.05,15.726977768876427,28.659296176987745,1.822301563476759,5710,24965,392624.0,20505134.0,65.57083925300685,0.05,,,,
S3,A36HR6Y,KSWIN,KSWIN_alpha=1e-05_window_size=1000,691.2919287001803,1398.770571321714,2.023415164056362,380,24965,17258103.0,48845498211.0,99.7921337730004,,1e-05,1000.0,1.0,
S3,A36HR6Y,KSWIN,KSWIN_alpha=0.0001_window_size=1000,267.3686360905268,856.2956576057877,3.2026780333197333,382,24965,6674858.0,18305392852.0,90.33466497399786,,0.0001,1000.0,1.0,
S3,A36HR6Y,KSWIN,KSWIN_alpha=0.0001_window_size=300,35.41498097336271,59.67049148931494,1.6848940716414884,1201,24965,884135.0,88889569.0,154.6530183989962,,0.0001,300.0,1.0,
S3,A36HR6Y,KSWIN,KSWIN_alpha=1e-05_window_size=300,80.93298618065292,274.8418832804185,3.395919219722546,1143,24965,2020492.0,1885807688.0,209.23032147400227,,1e-05,300.0,1.0,
S3,A36HR6Y,KSWIN,KSWIN_alpha=0.001_window_size=300,80.2129381133587,298.4808997348224,3.721106678738068,1238,24965,2002516.0,2224153008.0,120.93774487199698,,0.001,300.0,1.0,
S3,A36HR6Y,KSWIN,KSWIN_alpha=0.001_window_size=1000,117.16679351091528,345.0962612973168,2.9453418580168584,386,24965,2925069.0,2973117539.0,80.06966024699796,,0.001,1000.0,1.0,
S3,A36HR6Y,KSWIN,KSWIN_alpha=0.0001_window_size=100,21.532305227318247,33.28021577253689,1.545594650512104,3041,24965,537554.0,27650554.0,318.4594914179979,,0.0001,100.0,1.0,
S3,A36HR6Y,KSWIN,KSWIN_alpha=0.005_window_size=1000,649.4186661325856,1339.191428315737,2.0621387991369,388,24965,16212737.0,44773071863.0,75.90667867199954,,0.005,1000.0,1.0,
S3,A36HR6Y,KSWIN,KSWIN_alpha=0.005_window_size=300,29.57600640897256,47.87221415856824,1.6186165737388096,1261,24965,738365.0,57213511.0,99.282425849,,0.005,300.0,1.0,
S3,A36HR6Y,KSWIN,KSWIN_alpha=0.001_window_size=100,19.427318245543763,43.64165156420816,2.2464063754254235,3335,24965,485003.0,47548183.0,239.32563931700133,,0.001,100.0,1.0,
S3,A36HR6Y,KSWIN,KSWIN_alpha=1e-05_window_size=100,46.21053474864811,178.8688601651822,3.870737725458047,2714,24965,1153646.0,798731936.0,418.0545727410063,,1e-05,100.0,1.0,
S3,A36HR6Y,KSWIN,KSWIN_alpha=0.01_window_size=1000,561.0441017424395,1061.4840943677084,1.89197977676095,389,24965,14006466.0,28129275868.0,71.58353325200005,,0.01,1000.0,1.0,
S3,A36HR6Y,KSWIN,KSWIN_alpha=0.005_window_size=100,15.54940917284198,30.21811954189253,1.943361268971581,3432,24965,388191.0,22796409.0,215.26380607100143,,0.005,100.0,1.0,
S3,A36HR6Y,KSWIN,KSWIN_alpha=0.01_window_size=300,23.46244742639696,48.44020473541304,2.0645844764222803,1272,24965,585740.0,58579210.0,91.19016140400343,,0.01,300.0,1.0,
S3,A36HR6Y,PH,PH_threshold=25_delta=0.005,14.644702583617065,21.76857779854071,1.4864472442679089,11874,24965,365605.0,11830189.0,97.04245724100474,0.005,,,,25.0
S3,A36HR6Y,PH,PH_threshold=25_delta=0.5,14.403084318045265,21.5491956919268,1.4961514642338345,10690,24965,359573.0,11592943.0,91.09417033899808,0.5,,,,25.0
S3,A36HR6Y,PH,PH_threshold=25_delta=5,22.75738033246545,33.685050626204585,1.4801813800224548,3932,24965,568138.0,28327352.0,66.01366051100194,5.0,,,,25.0
S3,A36HR6Y,PH,PH_threshold=25_delta=2,13.81365912277188,18.964359881736414,1.3728701217531551,7595,24965,344858.0,8978586.0,76.53782797000167,2.0,,,,25.0
S3,A36HR6Y,PH,PH_threshold=50_delta=0.005,16.7943520929301,26.775356722528763,1.5943072155668545,9472,24965,419271.0,17897901.0,94.64237954800046,0.005,,,,50.0
S3,A36HR6Y,KSWIN,KSWIN_alpha=0.01_window_size=100,14.98590026036451,26.79780982946776,1.7882015337005814,3537,24965,374123.0,17927931.0,199.57234670600155,,0.01,100.0,1.0,
S3,A36HR6Y,PH,PH_threshold=50_delta=0.5,14.927859002603643,22.18945787659537,1.4864461054143925,8183,24965,372674.0,12292068.0,84.83578159299941,0.5,,,,50.0
S3,A36HR6Y,PH,PH_threshold=50_delta=2,13.8925295413579,18.64952564354979,1.3424139634204388,5501,24965,346827.0,8682947.0,69.06544310200115,2.0,,,,50.0
S3,A36HR6Y,PH,PH_threshold=50_delta=5,24.3785699979972,38.46683684098774,1.5778955387517788,2680,24965,608611.0,36940649.0,65.22228976699989,5.0,,,,50.0
S3,A36HR6Y,PH,PH_threshold=100_delta=0.005,14.477188063288605,21.04072234490807,1.453370796381608,6269,24965,361423.0,11052305.0,71.20815557300375,0.005,,,,100.0
S3,A36HR6Y,PH,PH_threshold=100_delta=0.5,14.293771279791708,19.842431577992105,1.3881872872868055,5363,24965,356844.0,9829272.0,67.95906502699654,0.5,,,,100.0
S3,A36HR6Y,PH,PH_threshold=100_delta=2,14.138073302623674,19.59281372568946,1.3858192206468134,3508,24965,352957.0,9583523.0,64.19663889000367,2.0,,,,100.0
S3,A36HR6Y,PH,PH_threshold=100_delta=5,194.8723412777889,574.1978015644522,2.946533088274123,1710,24965,4864988.0,8231038274.0,64.28069959099957,5.0,,,,100.0
S3,A36HR6Y,PH,PH_threshold=200_delta=0.005,13.74368115361506,18.402040352221128,1.3389455231490697,3622,24965,343111.0,8454025.0,61.3805861639994,0.005,,,,200.0
S3,A36HR6Y,PH,PH_threshold=200_delta=0.5,15.714960945323451,22.462523253884545,1.4293718789399263,3079,24965,392324.0,12596464.0,60.62983660799364,0.5,,,,200.0
S3,A36HR6Y,PH,PH_threshold=200_delta=2,24.436571199679552,37.90491281326913,1.551155131525416,1998,24965,610059.0,35869273.0,62.31365380599891,2.0,,,,200.0
S3,A36HR6Y,PH,PH_threshold=500_delta=0.005,27.532505507710795,44.85375617738729,1.6291200292260173,1559,24965,687349.0,50226071.0,62.20436701300059,0.005,,,,500.0
S3,A36HR6Y,PH,PH_threshold=200_delta=5,403.4227518525937,1253.812636360767,3.107937345137383,1015,24965,10071449.0,39246131563.0,65.3469171100005,5.0,,,,200.0
S3,A36HR6Y,PH,PH_threshold=500_delta=0.5,214.3115561786501,633.4945778554392,2.9559515555351488,1337,24965,5350288.0,10018838466.0,63.28186614300648,0.5,,,,500.0
S3,A36HR6Y,PH,PH_threshold=500_delta=2,391.96823552974166,1129.8853782021542,2.882594240513199,886,24965,9785487.0,31871341763.0,63.95805767799902,2.0,,,,500.0
S3,A36HR6Y,PH,PH_threshold=500_delta=5,124.31419987983176,336.7554100659589,2.70890542183824,464,24965,3103504.0,2831136008.0,62.22349357699568,5.0,,,,500.0
S3,AOYM4KG,Sem detector (HT),HT,29.654886363636365,39.69804924220287,1.338668061492952,0,8800,260963.0,13868229.0,17.075545313004113,,,,,
S3,AOYM4KG,ADWIN,ADWIN_delta=1e-05,50.63215909090909,101.64500781463084,2.0075187319610275,908,8800,445563.0,90919027.0,21.633657926002343,1e-05,,,,
S3,AOYM4KG,ADWIN,ADWIN_delta=0.0001,53.32011363636364,99.07214714998908,1.8580633159495583,1013,8800,469217.0,86374555.0,23.11628162999841,0.0001,,,,
S3,AOYM4KG,ADWIN,ADWIN_delta=0.002,33.51602272727273,71.80543234071057,2.142421042168613,1287,8800,294941.0,45372977.0,22.15862071100128,0.002,,,,
S3,AOYM4KG,ADWIN,ADWIN_delta=0.01,55.90909090909091,126.18264089658436,2.256925284329151,1511,8800,492000.0,140114118.0,22.609896226000277,0.01,,,,
S3,AOYM4KG,ADWIN,ADWIN_delta=0.05,27.67909090909091,51.3381968376905,1.8547645587893569,1848,8800,243576.0,23193372.0,23.299539911000466,0.05,,,,
S3,AOYM4KG,KSWIN,KSWIN_alpha=1e-05_window_size=1000,84.30625,124.00119455069778,1.4708422513241637,134,8800,741895.0,135311407.0,31.124003045006248,,1e-05,1000.0,1.0,
S3,AOYM4KG,KSWIN,KSWIN_alpha=0.0001_window_size=1000,77.46761363636364,112.5051781636577,1.452286612206256,135,8800,681715.0,111385253.0,27.85028112000145,,0.0001,1000.0,1.0,
S3,AOYM4KG,KSWIN,KSWIN_alpha=0.0001_window_size=300,51.12806818181818,104.57431839692678,2.045340692807846,434,8800,449927.0,96234935.0,47.432180665004125,,0.0001,300.0,1.0,
S3,AOYM4KG,KSWIN,KSWIN_alpha=1e-05_window_size=300,50.47420454545455,106.7052583478945,2.1140552745472405,420,8800,444173.0,100196907.0,57.96338032899803,,1e-05,300.0,1.0,
S3,AOYM4KG,KSWIN,KSWIN_alpha=0.001_window_size=300,78.90534090909091,145.95227932755654,1.84971356369542,443,8800,694367.0,187458197.0,38.25828273800289,,0.001,300.0,1.0,
S3,AOYM4KG,KSWIN,KSWIN_alpha=0.001_window_size=1000,71.01670454545454,113.70715526777948,1.6011325222082182,136,8800,624947.0,113777991.0,25.4953711019989,,0.001,1000.0,1.0,
S3,AOYM4KG,KSWIN,KSWIN_alpha=0.0001_window_size=100,30.301931818181817,63.80371266627045,2.1055988459450905,1134,8800,266657.0,35824041.0,97.33731442700082,,0.0001,100.0,1.0,
S3,AOYM4KG,KSWIN,KSWIN_alpha=0.005_window_size=1000,77.54420454545455,122.6401642463171,1.5815516448354097,137,8800,682389.0,132357367.0,23.110756504000165,,0.005,1000.0,1.0,
S3,AOYM4KG,KSWIN,KSWIN_alpha=0.001_window_size=100,23.403863636363635,32.451505778202765,1.386587543083331,1205,8800,205954.0,9267282.0,75.4281040479982,,0.001,100.0,1.0,
S3,AOYM4KG,KSWIN,KSWIN_alpha=0.005_window_size=300,45.23306818181818,102.3076182402855,2.261788164115936,448,8800,398051.0,92108269.0,33.37018449199968,,0.005,300.0,1.0,
S3,AOYM4KG,KSWIN,KSWIN_alpha=1e-05_window_size=100,32.519090909090906,76.57844166129739,2.354876459350512,1027,8800,286168.0,51605468.0,125.52823555299985,,1e-05,100.0,1.0,
S3,AOYM4KG,KSWIN,KSWIN_alpha=0.005_window_size=100,24.20056818181818,33.25450242926786,1.374120730531107,1246,8800,212965.0,9731585.0,64.69238087399572,,0.005,100.0,1.0,
S3,AOYM4KG,KSWIN,KSWIN_alpha=0.01_window_size=1000,76.39715909090908,120.61140596975063,1.5787420292190268,137,8800,672295.0,128014579.0,22.67963724100264,,0.01,1000.0,1.0,
S3,AOYM4KG,KSWIN,KSWIN_alpha=0.01_window_size=300,75.82568181818182,142.4061956006639,1.8780733939476044,452,8800,667266.0,178459816.0,31.42192205700121,,0.01,300.0,1.0,
S3,AOYM4KG,PH,PH_threshold=25_delta=0.005,21.532613636363635,31.417708165358537,1.4590754608767629,3830,8800,189487.0,8686237.0,32.521410023997305,0.005,,,,25.0
S3,AOYM4KG,PH,PH_threshold=25_delta=0.5,21.693977272727277,32.401117054256574,1.4935535631352326,3383,8800,190907.0,9238525.0,30.810196732003533,0.5,,,,25.0
S3,AOYM4KG,PH,PH_threshold=25_delta=2,21.77977272727273,33.469772658597215,1.5367365434757827,2641,8800,191662.0,9857986.0,28.601382531000127,2.0,,,,25.0
S3,AOYM4KG,PH,PH_threshold=25_delta=5,48.06772727272728,110.64106483251472,2.3017744151862654,2006,8800,422996.0,107724718.0,27.0952871949994,5.0,,,,25.0
S3,AOYM4KG,KSWIN,KSWIN_alpha=0.01_window_size=100,23.13681818181818,32.34433700609175,1.3979595963419549,1274,8800,203604.0,9206174.0,58.49616214799608,,0.01,100.0,1.0,
S3,AOYM4KG,PH,PH_threshold=50_delta=0.005,22.988636363636363,34.973840873637904,1.5213534339496468,3159,8800,202300.0,10763892.0,30.63025745900086,0.005,,,,50.0
S3,AOYM4KG,PH,PH_threshold=50_delta=0.5,27.33215909090909,55.89903337105376,2.045174447621529,2826,8800,240523.0,27497377.0,28.49489499500487,0.5,,,,50.0
S3,AOYM4KG,PH,PH_threshold=50_delta=2,36.85761363636364,87.32253106626138,2.3691856973645518,2247,8800,324347.0,67101975.0,26.94223400299961,2.0,,,,50.0
S3,AOYM4KG,PH,PH_threshold=50_delta=5,72.85977272727273,142.5051809265512,1.9558828636478705,1694,8800,641166.0,178707994.0,25.737283057998862,5.0,,,,50.0
S3,AOYM4KG,PH,PH_threshold=100_delta=0.005,22.69272727272727,33.92089728658829,1.494791563786841,2458,8800,199696.0,10125520.0,26.911001643995405,0.005,,,,100.0
S3,AOYM4KG,PH,PH_threshold=100_delta=0.5,27.502727272727277,66.92596825801422,2.433430241093962,2242,8800,242024.0,39415950.0,27.19519648500136,0.5,,,,100.0
S3,AOYM4KG,PH,PH_threshold=100_delta=2,54.99659090909091,113.34593769036934,2.0609629763730197,1796,8800,483970.0,113056254.0,26.399497842998244,2.0,,,,100.0
S3,AOYM4KG,PH,PH_threshold=100_delta=5,106.8490909090909,174.14728680057004,1.6298434111034004,1319,8800,940272.0,266880042.0,24.916128435994324,5.0,,,,100.0
S3,AOYM4KG,PH,PH_threshold=200_delta=0.5,39.59727272727272,82.2123511512606,2.0762124633557564,1570,8800,348456.0,59478062.0,24.90105702500296,0.5,,,,200.0
S3,AOYM4KG,PH,PH_threshold=200_delta=0.005,29.34340909090909,61.76773944676652,2.104995341727449,1720,8800,258222.0,33574232.0,25.29707228299958,0.005,,,,200.0
S3,AOYM4KG,PH,PH_threshold=200_delta=2,68.41681818181819,119.81002860589533,1.7511780259569996,1255,8800,602068.0,126319098.0,24.60496418199909,2.0,,,,200.0
S3,AOYM4KG,PH,PH_threshold=200_delta=5,86.27795454545455,133.85491042712832,1.5514381527972871,894,8800,759246.0,157670806.0,23.40774987899931,5.0,,,,200.0
S3,AOYM4KG,PH,PH_threshold=500_delta=0.005,58.269431818181815,111.17312819120536,1.9079150889629235,844,8800,512771.0,108763287.0,23.553620718004822,0.005,,,,500.0
S3,AOYM4KG,PH,PH_threshold=500_delta=0.5,66.95420454545454,129.53347452580462,1.9346578068576057,781,8800,589197.0,147654505.0,23.06065447199944,0.5,,,,500.0
S3,AOYM4KG,PH,PH_threshold=500_delta=5,88.4946590909091,132.2131014859929,1.4940235133305906,425,8800,778753.0,153826677.0,21.95558002699545,5.0,,,,500.0
S3,AOYM4KG,PH,PH_threshold=500_delta=2,71.9565909090909,126.14868572082275,1.7531220438194115,621,8800,633218.0,140038720.0,22.827096979999624,2.0,,,,500.0
S3,A4G0044,Sem detector (HT),HT,23.99570469798658,31.397901011364805,1.308480055349211,0,7450,178768.0,7344420.0,14.210892449998935,,,,,
S3,A4G0044,ADWIN,ADWIN_delta=1e-05,36.508053691275165,84.36335522427962,2.310814921487888,657,7450,271985.0,53022959.0,20.486423238995485,1e-05,,,,
S3,A4G0044,ADWIN,ADWIN_delta=0.0001,29.01610738255033,64.20494241779588,2.212734519186655,757,7450,216170.0,30710946.0,18.296176132003893,0.0001,,,,
S3,A4G0044,ADWIN,ADWIN_delta=0.002,24.25785234899329,40.65734865925224,1.6760489788758872,975,7450,180721.0,12314999.0,19.114571265999984,0.002,,,,
S3,A4G0044,ADWIN,ADWIN_delta=0.01,26.368322147651007,53.70482337454686,2.036717507994004,1165,7450,196444.0,21487350.0,18.87036645400076,0.01,,,,
S3,A4G0044,ADWIN,ADWIN_delta=0.05,26.30187919463087,53.62421195115645,2.038797743474657,1432,7450,195949.0,21422893.0,21.91946814499533,0.05,,,,
S3,A4G0044,KSWIN,KSWIN_alpha=1e-05_window_size=1000,84.31087248322147,136.81691092147184,1.6227671104779455,114,7450,628116.0,139455560.0,23.629748916995595,,1e-05,1000.0,1.0,
S3,A4G0044,KSWIN,KSWIN_alpha=0.0001_window_size=1000,86.49436241610738,145.67758414900328,1.6842436903364528,115,7450,644383.0,158103591.0,20.07394193499931,,0.0001,1000.0,1.0,
S3,A4G0044,KSWIN,KSWIN_alpha=0.0001_window_size=300,50.07503355704698,113.78909786067516,2.272371874320228,359,7450,373059.0,96462293.0,45.238402975999634,,0.0001,300.0,1.0,
S3,A4G0044,KSWIN,KSWIN_alpha=1e-05_window_size=300,79.00818791946308,146.79603756333242,1.8579851206430504,340,7450,588611.0,160540621.0,64.92924272099481,,1e-05,300.0,1.0,
S3,A4G0044,KSWIN,KSWIN_alpha=0.001_window_size=300,46.238657718120805,98.63976763146424,2.1332748937650843,369,7450,344478.0,72487038.0,36.70989901400026,,0.001,300.0,1.0,
S3,A4G0044,KSWIN,KSWIN_alpha=0.001_window_size=1000,92.92644295302011,145.50093797986366,1.5657646344369718,116,7450,692302.0,157720396.0,19.48164840599929,,0.001,1000.0,1.0,
S3,A4G0044,KSWIN,KSWIN_alpha=0.005_window_size=1000,82.4910067114094,128.68771732610702,1.5600211763242806,116,7450,614558.0,123375938.0,18.761662265002087,,0.005,1000.0,1.0,
S3,A4G0044,KSWIN,KSWIN_alpha=0.005_window_size=300,72.75986577181209,162.3531270174646,2.231355504786567,377,7450,542061.0,196371107.0,30.74793781600601,,0.005,300.0,1.0,
S3,A4G0044,KSWIN,KSWIN_alpha=0.001_window_size=100,22.399060402684565,30.57591498518414,1.365053463649733,975,7450,166873.0,6964905.0,87.519653809999,,0.001,100.0,1.0,
S3,A4G0044,KSWIN,KSWIN_alpha=0.0001_window_size=100,22.81288590604027,30.6146387759606,1.3419888611223283,875,7450,169956.0,6982558.0,109.07564714000182,,0.0001,100.0,1.0,
S3,A4G0044,KSWIN,KSWIN_alpha=0.01_window_size=300,85.81785234899328,160.64157401498971,1.8718899345291549,380,7450,639343.0,192252579.0,27.399285312996653,,0.01,300.0,1.0,
S3,A4G0044,KSWIN,KSWIN_alpha=1e-05_window_size=100,22.46845637583893,30.962055149172556,1.378023244287804,771,7450,167390.0,7141934.0,138.3491290230013,,1e-05,100.0,1.0,
S3,A4G0044,KSWIN,KSWIN_alpha=0.005_window_size=100,22.303624161073824,30.42609265242515,1.3641770697305484,1014,7450,166162.0,6896816.0,68.39144631099771,,0.005,100.0,1.0,
S3,A4G0044,KSWIN,KSWIN_alpha=0.01_window_size=1000,88.92026845637584,136.9593806437103,1.5402492932295,116,7450,662456.0,139746146.0,18.553918737001368,,0.01,1000.0,1.0,
S3,A4G0044,KSWIN,KSWIN_alpha=0.01_window_size=100,22.19073825503356,30.17996357423716,1.360025215357195,1049,7450,165321.0,6785685.0,56.52997298400442,,0.01,100.0,1.0,
S3,A4G0044,PH,PH_threshold=25_delta=0.005,21.628187919463087,30.19444813184333,1.3960692520463776,3533,7450,161130.0,6792200.0,32.498906838998664,0.005,,,,25.0
S3,A4G0044,PH,PH_threshold=25_delta=0.5,22.428053691275167,32.47164379896268,1.4478137178525934,3232,7450,167089.0,7855337.0,27.44833894700423,0.5,,,,25.0
S3,A4G0044,PH,PH_threshold=25_delta=2,22.475570469798654,32.690862381122294,1.454506457357794,2543,7450,167443.0,7961759.0,25.46160738499748,2.0,,,,25.0
S3,A4G0044,PH,PH_threshold=25_delta=5,46.926040268456376,123.27314626715756,2.6269667238473904,1728,7450,349599.0,113212201.0,23.85358028000337,5.0,,,,25.0
S3,A4G0044,PH,PH_threshold=50_delta=0.005,22.973825503355705,32.05974498217582,1.3954900535608652,2971,7450,171155.0,7657313.0,26.753118658001767,0.005,,,,50.0
S3,A4G0044,PH,PH_threshold=50_delta=2,27.223892617449664,57.07735243574132,2.096590419224491,2031,7450,202818.0,24270790.0,23.54026319800323,2.0,,,,50.0
S3,A4G0044,PH,PH_threshold=50_delta=0.5,23.84711409395973,35.57308951984038,1.4917146527533385,2645,7450,177661.0,9427563.0,25.39148241300427,0.5,,,,50.0
S3,A4G0044,PH,PH_threshold=50_delta=5,48.59543624161074,126.06151475908776,2.5941019262040346,1243,7450,362036.0,118391716.0,21.05412890699517,5.0,,,,50.0
S3,A4G0044,PH,PH_threshold=100_delta=0.005,22.38281879194631,31.58183999468151,1.4109858230208767,2128,7450,166752.0,7430724.0,23.40895733099751,0.005,,,,100.0
S3,A4G0044,PH,PH_threshold=100_delta=0.5,22.88523489932886,32.625709383118064,1.42562265699422,1892,7450,170495.0,7930055.0,23.56803305700305,0.5,,,,100.0
S3,A4G0044,PH,PH_threshold=100_delta=2,51.8586577181208,131.1422420542165,2.5288398856569687,1354,7450,386347.0,128127243.0,21.55984116299805,2.0,,,,100.0
S3,A4G0044,PH,PH_threshold=100_delta=5,55.48523489932886,135.15678839653015,2.43590549164576,787,7450,413365.0,136091813.0,20.282116895003128,5.0,,,,100.0
S3,A4G0044,PH,PH_threshold=200_delta=0.005,32.49543624161074,74.28709319097834,2.2860777322279167,1250,7450,242091.0,41113363.0,20.78779928899894,0.005,,,,200.0
S3,A4G0044,PH,PH_threshold=200_delta=0.5,38.579194630872486,95.15859809784035,2.4665781390286194,1105,7450,287415.0,67460933.0,20.70747290999861,0.5,,,,200.0
S3,A4G0044,PH,PH_threshold=200_delta=5,63.00174496644296,149.7804151138521,2.377401057599764,445,7450,469363.0,167134587.0,19.41463493899937,5.0,,,,200.0
S3,A4G0044,PH,PH_threshold=200_delta=2,53.90604026845637,146.75439373503238,2.722410939556751,774,7450,401600.0,160449548.0,20.071143963003124,2.0,,,,200.0
S3,A4G0044,PH,PH_threshold=500_delta=0.005,43.86308724832215,115.4324719066078,2.631654066051252,562,7450,326780.0,99268684.0,19.05512894200365,0.005,,,,500.0
S3,A4G0044,PH,PH_threshold=500_delta=0.5,33.79744966442953,90.79025684650875,2.6863049652548754,499,7450,251791.0,61409387.0,16.697871336997196,0.5,,,,500.0
S3,A4G0044,PH,PH_threshold=500_delta=2,57.2910067114094,124.37849681435556,2.170995134382685,368,7450,426818.0,115251578.0,16.095433438997134,2.0,,,,500.0
S3,A4G0044,PH,PH_threshold=500_delta=5,51.78268456375839,96.34581102473228,1.8605796867503983,260,7450,385781.0,69154739.0,15.29676085399842,5.0,,,,500.0
