detector,config_id,n_pacientes,rank_medio,rmse_medio,rmse_mediana,mae_medio,error_ratio_medio,n_drifts_medio
ADWIN,ADWIN_delta=0.05,30,2.3,116.12008801610038,19.485532387196123,26.584890761253316,2.6136512269750756,8208.033333333333
ADWIN,HT,30,2.533333333333333,30.992581958539102,20.91179803485715,14.072541278996063,1.9511912576986254,0.0
ADWIN,ADWIN_delta=0.01,30,2.8333333333333335,274.73350277230423,30.168640234446304,46.61675484862476,3.818797717445247,6750.033333333334
ADWIN,ADWIN_delta=0.0001,30,4.033333333333333,528.3930133994522,316.3477414558975,108.07938944985939,4.181667827778269,4705.5
ADWIN,ADWIN_delta=0.002,30,4.033333333333333,476.40708429918146,365.61465489799906,81.39140359567351,4.7509866647787105,5746.7
ADWIN,ADWIN_delta=1e-05,30,5.266666666666667,749.466849163431,677.9610433636365,166.54653703882423,4.590562606254212,4141.966666666666
KSWIN,HT,30,2.933333333333333,30.992581958539102,20.91179803485715,14.072541278996063,1.9511912576986254,0.0
KSWIN,KSWIN_alpha=0.01_window_size=100,30,3.533333333333333,219.4994133140023,19.783844507611054,33.83576975002106,3.193687196492152,5293.1
KSWIN,KSWIN_alpha=0.001_window_size=100,30,3.8666666666666667,334.50383570501526,21.941963066772573,46.21410760352879,4.211445015374527,4955.533333333334
KSWIN,KSWIN_alpha=0.005_window_size=100,30,4.433333333333334,304.07544646752575,22.370149364676017,45.059085183519386,3.723609903303431,5131.6
KSWIN,KSWIN_alpha=0.0001_window_size=100,30,6.233333333333333,537.0081786503623,266.1458340222116,83.2268360177174,4.928831368141995,4546.1
KSWIN,KSWIN_alpha=1e-05_window_size=100,30,7.066666666666666,635.165818539776,442.25977624414884,113.28161154623426,5.499168484092233,4080.133333333333
KSWIN,KSWIN_alpha=1e-05_window_size=1000,30,7.633333333333334,908.6350825268042,929.188400249074,370.90300277994874,2.389461557060322,570.5666666666667
KSWIN,KSWIN_alpha=0.005_window_size=1000,30,8.2,922.0230955260406,1016.5144375779216,384.2718175582447,2.3752956105742644,584.2333333333333
KSWIN,KSWIN_alpha=0.0001_window_size=1000,30,8.466666666666667,955.5109233357032,1090.7053555241605,388.91191136062383,2.3924988003476377,578.1
KSWIN,KSWIN_alpha=0.001_window_size=1000,30,8.7,963.1468274814547,1074.2051972268296,398.48489303585717,2.370260607802932,582.7333333333333
KSWIN,KSWIN_alpha=0.01_window_size=1000,30,8.866666666666667,1009.346897977445,1072.2446901104317,413.9911936862088,2.4043837722183605,585.2666666666667
KSWIN,KSWIN_alpha=0.001_window_size=300,30,12.833333333333334,1431.106833313827,1522.7535849056292,496.94194514086644,2.916024105745685,1878.4666666666667
KSWIN,KSWIN_alpha=0.0001_window_size=300,30,13.2,1392.3048588823647,1478.126491879002,495.7586844597195,2.821673675718506,1821.3666666666666
KSWIN,KSWIN_alpha=1e-05_window_size=300,30,13.2,1399.4541653550198,1564.4157351386275,522.8993682641185,2.7036959180478735,1741.1666666666667
KSWIN,KSWIN_alpha=0.005_window_size=300,30,13.366666666666667,1428.8588271432588,1601.8218930768974,519.2584589899002,2.757486925067175,1900.4
KSWIN,KSWIN_alpha=0.01_window_size=300,30,13.466666666666667,1387.3816646740793,1510.4160389513054,489.45445604549985,2.849762290912677,1916.5666666666666
PH,PH_threshold=100_delta=0.005,30,3.5,51.071250117527974,18.48954654573618,15.381056296198162,2.3398281866283024,8600.033333333333
PH,PH_threshold=50_delta=0.005,30,3.8666666666666667,19.752756092330515,19.047900953292338,11.043719057338949,1.8056200459766003,12766.466666666667
PH,HT,30,4.333333333333333,30.992581958539102,20.91179803485715,14.072541278996063,1.9511912576986254,0.0
PH,PH_threshold=25_delta=0.005,30,4.633333333333334,20.524216459759536,20.128199162852127,11.34253657945035,1.8257323087653796,16472.866666666665
PH,PH_threshold=25_delta=0.5,30,4.933333333333334,35.16491625529932,20.041366166747686,13.522794150494342,1.9717646999959457,14223.133333333333
PH,PH_threshold=50_delta=0.5,30,5.0,83.96784741456621,20.72442743155665,19.2274001128544,2.769691090255868,10827.5
PH,PH_threshold=100_delta=0.5,30,6.833333333333333,309.09037892649496,196.51807226299735,58.92660162528994,4.1948983429310935,7323.233333333334
PH,PH_threshold=25_delta=2,30,6.966666666666667,286.2648108261929,228.4319638383023,55.91405551024879,4.0274063413461105,9838.166666666666
PH,PH_threshold=50_delta=2,30,9.1,456.3634711285714,425.36087841874894,103.08267054618388,3.980627616589374,7318.433333333333
PH,PH_threshold=200_delta=0.005,30,10.833333333333334,595.457292062978,605.0598758336233,118.46328750786546,4.752812575040364,5242.133333333333
PH,PH_threshold=200_delta=0.5,30,12.433333333333334,659.8062598170353,676.547602928073,145.29446311569959,4.813092524745129,4534.033333333334
PH,PH_threshold=25_delta=5,30,13.8,780.0980312330317,796.2069586724912,209.65446568854847,3.8633095326206397,5565.633333333333
PH,PH_threshold=100_delta=2,30,14.066666666666666,779.2699651680977,835.821537049344,206.93111324124632,3.947327791580967,5001.533333333334
PH,PH_threshold=500_delta=5,30,14.8,870.714967525923,928.2093300044131,348.10854895596253,2.446669462034267,1009.3333333333334
PH,PH_threshold=200_delta=2,30,15.966666666666667,934.7719648794639,1024.8375334870411,293.3765436717227,3.1803524894463293,3178.7
PH,PH_threshold=100_delta=5,30,16.033333333333335,962.6100337496912,1018.841492108666,334.0899586322713,2.854351721597077,2863.2
PH,PH_threshold=50_delta=5,30,16.2,916.5801884412897,997.303571599012,288.58714924116913,3.1674097451346026,4125.1
PH,PH_threshold=200_delta=5,30,16.566666666666666,996.1704555839622,1001.9309107782196,370.40987753181264,2.669118889944407,1881.5666666666666
PH,PH_threshold=500_delta=0.5,30,16.733333333333334,1003.058725616454,980.6334199688349,332.0442308827157,3.0209655039795402,2242.133333333333
PH,PH_threshold=500_delta=2,30,16.9,1025.8817111892517,1084.915185372254,383.3350697791679,2.6643904622284666,1635.0
PH,PH_threshold=500_delta=0.005,30,17.5,1036.5077369790836,1156.8353583475234,328.33445300583594,3.1961068079687607,2543.0
