scenario,patient,detector,config_id,features,p_delta,mae,rmse,error_ratio,n_drifts,n_imputed,sae,sse,cpu_s,p_alpha,p_window_size,p_seed,p_threshold
S3,ASFODQR,ADWIN,ADWIN_delta=1e-05,mod,1e-05,355.63044647031325,1376.0983121970962,3.86946147568377,9244,85560,30427741.0,162020400087.0,150.58871253899997,,,,
S3,ASFODQR,ADWIN,ADWIN_delta=0.0001,mod,0.0001,179.23103085553998,966.2433754256724,5.391049590092821,10518,85560,15335007.0,79881062853.0,154.55237177100025,,,,
S3,ASFODQR,ADWIN,ADWIN_delta=0.002,mod,0.002,99.8577840112202,473.2356226887196,4.739095979093087,12904,85560,8543832.0,19161329234.0,170.06880949800052,,,,
S3,ASFODQR,ADWIN,ADWIN_delta=0.01,mod,0.01,41.29883122954652,231.2254050451397,5.598836532684092,15310,85560,3533528.0,4574481480.0,173.26824644299995,,,,
S3,ASFODQR,ADWIN,ADWIN_delta=0.05,mod,0.05,58.41625759700795,277.3821788676098,4.748372974885971,18656,85560,4998095.0,6583061107.0,186.8503779720004,,,,
S3,ASFODQR,KSWIN,KSWIN_alpha=1e-05_window_size=1000,mod,,647.9764609630669,1585.3843390561622,2.446669647073068,1295,85560,55440866.0,215050226076.0,260.2658756949995,1e-05,1000.0,1.0,
S3,ASFODQR,Sem detector (HT),HT,mod,,30.52519869097709,39.28040045299368,1.2868188296053424,0,85560,2611736.0,132014790.0,689.3719727950001,,,,
S3,ASFODQR,KSWIN,KSWIN_alpha=0.0001_window_size=1000,mod,,657.3427653108929,1517.6780400042912,2.308807702913562,1315,85560,56242247.0,197074337929.0,199.90638264600057,0.0001,1000.0,1.0,
S3,ASFODQR,KSWIN,KSWIN_alpha=0.0001_window_size=300,mod,,828.2208391771856,2071.707800950108,2.501395404404811,4097,85560,70862575.0,367221228063.0,470.0901104650002,0.0001,300.0,1.0,
S3,ASFODQR,KSWIN,KSWIN_alpha=1e-05_window_size=300,mod,,710.4244857410005,1951.727961411453,2.7472701189004267,3883,85560,60783919.0,325918748545.0,649.4751652479999,1e-05,300.0,1.0,
S3,ASFODQR,KSWIN,KSWIN_alpha=0.001_window_size=1000,mod,,657.483894343151,1382.8524112262385,2.103249103322532,1327,85560,56254322.0,163614744498.0,164.67136499699973,0.001,1000.0,1.0,
S3,ASFODQR,KSWIN,KSWIN_alpha=0.001_window_size=300,mod,,648.5251285647499,1710.1030103156368,2.6369109460727658,4251,85560,55487810.0,250216139292.0,342.237220002,0.001,300.0,1.0,
S3,ASFODQR,KSWIN,KSWIN_alpha=0.005_window_size=1000,mod,,536.0719728845255,1294.2758968969686,2.414369641323828,1331,85560,45866318.0,143325842324.0,155.00564168300025,0.005,1000.0,1.0,
S3,ASFODQR,KSWIN,KSWIN_alpha=0.005_window_size=300,mod,,569.238616175783,1496.2113815702469,2.628443220563608,4307,85560,48704056.0,191538765518.0,291.37078848999954,0.005,300.0,1.0,
S3,ASFODQR,KSWIN,KSWIN_alpha=0.0001_window_size=100,mod,,135.20944366526413,935.773732880516,6.920919926253052,10079,85560,11568520.0,74922537316.0,1115.893283425,0.0001,100.0,1.0,
S3,ASFODQR,KSWIN,KSWIN_alpha=0.01_window_size=300,mod,,469.36702898550726,1451.1961627142225,3.091815302516768,4353,85560,40159043.0,180186819097.0,251.597806965,0.01,300.0,1.0,
S3,ASFODQR,KSWIN,KSWIN_alpha=0.005_window_size=100,mod,,28.977980364656386,56.39723574869164,1.94621002012541,11539,85560,2479356.0,272136260.0,728.2032665060005,0.005,100.0,1.0,
S3,ASFODQR,KSWIN,KSWIN_alpha=0.01_window_size=1000,mod,,490.53680458158016,1128.9591950895235,2.301477044219969,1334,85560,41970329.0,109050400819.0,152.2327692810004,0.01,1000.0,1.0,
S3,ASFODQR,KSWIN,KSWIN_alpha=1e-05_window_size=100,mod,,210.84437821411876,864.1699504094917,4.098615091040755,8967,85560,18039845.0,63895327005.0,1421.8246356130005,1e-05,100.0,1.0,
S3,ASFODQR,KSWIN,KSWIN_alpha=0.001_window_size=100,mod,,47.71380317905563,400.8822287764339,8.401808325193505,11095,85560,4082393.0,13750053389.0,982.4105426670004,0.001,100.0,1.0,
S3,ASFODQR,PH,PH_threshold=25_delta=5,mod,5.0,353.64121084618984,1076.0047250700488,3.0426451784151327,14382,85560,30257542.0,99060184566.0,186.3882473020003,,,,25.0
S3,ASFODQR,PH,PH_threshold=25_delta=2,mod,2.0,110.09595605423095,498.6098777283729,4.5288664143374,23447,85560,9419810.0,21271226478.0,230.5033672849995,,,,25.0
S3,ASFODQR,PH,PH_threshold=25_delta=0.005,mod,0.005,21.80244273024778,31.923253244448784,1.4642053479704742,37808,85560,1865417.0,87193691.0,330.587155147,,,,25.0
S3,ASFODQR,KSWIN,KSWIN_alpha=0.01_window_size=100,mod,,27.448165030388036,50.89124327316766,1.8540854449405144,11956,85560,2348465.0,221593439.0,615.1729642960008,0.01,100.0,1.0,
S3,ASFODQR,PH,PH_threshold=25_delta=0.5,mod,0.5,21.676122019635343,32.35222038895277,1.4925280619682095,32917,85560,1854609.0,89552757.0,302.1117737040004,,,,25.0
S3,ASFODQR,PH,PH_threshold=50_delta=0.005,mod,0.005,23.44409770920991,37.50170340528908,1.599622381310785,29763,85560,2005877.0,120329681.0,254.04216117899975,,,,50.0
S3,ASFODQR,PH,PH_threshold=50_delta=2,mod,2.0,247.0552711547452,833.3451897730649,3.373112364200851,17931,85560,21138049.0,59418357407.0,203.03906216999985,,,,50.0
S3,ASFODQR,PH,PH_threshold=50_delta=5,mod,5.0,367.0004675081814,1040.4776739196277,2.835085418239781,11049,85560,31400560.0,92626724666.0,183.9370633139997,,,,50.0
S3,ASFODQR,PH,PH_threshold=50_delta=0.5,mod,0.5,201.60883590462836,1056.538848253183,5.240538409501962,25423,85560,17249652.0,95508432348.0,254.9723872149998,,,,50.0
S3,ASFODQR,PH,PH_threshold=100_delta=0.005,mod,0.005,192.70490883590463,1011.4838548932344,5.248874359264767,20645,85560,16487832.0,87536400810.0,218.0351208229995,,,,100.0
S3,ASFODQR,PH,PH_threshold=100_delta=0.5,mod,0.5,311.5304932211314,1256.1612417875865,4.032225638008202,17835,85560,26654549.0,135008637553.0,204.9339551200001,,,,100.0
S3,ASFODQR,PH,PH_threshold=100_delta=2,mod,2.0,363.844623655914,1064.9317638535952,2.926886078879362,12705,85560,31130546.0,97031855852.0,194.36210957899948,,,,100.0
S3,ASFODQR,PH,PH_threshold=100_delta=5,mod,5.0,450.0300958391772,1226.6397627605752,2.725683846706393,7906,85560,38504575.0,128737435405.0,175.08822153600067,,,,100.0
S3,ASFODQR,PH,PH_threshold=200_delta=0.005,mod,0.005,211.8033543712015,844.7794679386318,3.988508446651376,12928,85560,18121895.0,61060095019.0,183.73387251500023,,,,200.0
S3,ASFODQR,PH,PH_threshold=200_delta=0.5,mod,0.5,305.90088826554467,1076.6189962735098,3.5195026806817395,11340,85560,26172880.0,99173320106.0,173.39166005599964,,,,200.0
S3,ASFODQR,PH,PH_threshold=200_delta=5,mod,5.0,479.9114422627396,1311.1201165478176,2.7320042847197046,5290,85560,41061223.0,147080716739.0,149.84021500500057,,,,200.0
S3,ASFODQR,PH,PH_threshold=200_delta=2,mod,2.0,411.7105072463768,1173.4170709735224,2.850102317819456,8253,85560,35225951.0,117808216177.0,163.50937794899983,,,,200.0
S3,ASFODQR,PH,PH_threshold=500_delta=0.005,mod,0.005,662.0802127162225,1744.2230432026147,2.6344588007649987,6279,85560,56647583.0,260300387931.0,151.91720334100046,,,,500.0
S3,ASFODQR,PH,PH_threshold=500_delta=0.5,mod,0.5,567.5477910238429,1544.929013027631,2.722112635203134,5614,85560,48559389.0,204215091867.0,147.49395096599983,,,,500.0
S3,ASFODQR,PH,PH_threshold=500_delta=2,mod,2.0,648.1794880785413,1664.7125846361596,2.568289517415958,4276,85560,55458237.0,237109689177.0,146.72742939700038,,,,500.0
S3,ASFODQR,PH,PH_threshold=500_delta=5,mod,5.0,461.7860565684899,1280.4788741103896,2.772883364269521,2875,85560,39510415.0,140286413141.0,140.28585956799998,,,,500.0
S3,AYEFCWQ,ADWIN,ADWIN_delta=1e-05,mod,1e-05,262.3766504112381,1765.2683264634782,6.727993225375319,8357,68695,18023964.0,214065453704.0,137.56372907399964,,,,
S3,AYEFCWQ,ADWIN,ADWIN_delta=0.0001,mod,0.0001,359.5040250382124,2072.7692570563745,5.765635744512334,9460,68695,24696129.0,295139301537.0,126.25529539600028,,,,
S3,AYEFCWQ,ADWIN,ADWIN_delta=0.002,mod,0.002,19.46383288448941,28.946257341940257,1.4871817649548011,11382,68695,1337068.0,57558566.0,131.46740237300037,,,,
S3,AYEFCWQ,ADWIN,ADWIN_delta=0.01,mod,0.01,19.79736516485916,29.666554598591645,1.4985102487906097,13325,68695,1359980.0,60458776.0,138.94109561799996,,,,
S3,AYEFCWQ,ADWIN,ADWIN_delta=0.05,mod,0.05,19.606274110197248,29.477526441454188,1.503474157087444,16292,68695,1346853.0,59690773.0,162.7249322560001,,,,
S3,AYEFCWQ,KSWIN,KSWIN_alpha=1e-05_window_size=1000,mod,,766.2396972123153,2126.124138730743,2.774750703292812,1050,68695,52636836.0,310529142702.0,169.51702702799955,1e-05,1000.0,1.0,
S3,AYEFCWQ,Sem detector (HT),HT,mod,,24.04396244268142,33.56801695270339,1.396110022743815,0,68695,1651700.0,77406334.0,410.4952665969995,,,,
S3,AYEFCWQ,KSWIN,KSWIN_alpha=0.0001_window_size=1000,mod,,593.1937550040032,1450.4256000858438,2.4451127272505686,1061,68695,40749445.0,144516036077.0,157.13105780600017,0.0001,1000.0,1.0,
S3,AYEFCWQ,KSWIN,KSWIN_alpha=0.0001_window_size=300,mod,,776.3746124172065,2052.1447953250504,2.6432404698754794,3387,68695,53333054.0,289295134038.0,284.3209773889994,0.0001,300.0,1.0,
S3,AYEFCWQ,KSWIN,KSWIN_alpha=1e-05_window_size=300,mod,,1203.5315670718394,3016.4685983912427,2.50634771942894,3268,68695,82676601.0,625061493295.0,385.5625772189997,1e-05,300.0,1.0,
S3,AYEFCWQ,KSWIN,KSWIN_alpha=0.001_window_size=1000,mod,,622.3777276366548,1306.7933269159837,2.099678810612728,1069,68695,42754238.0,117311055966.0,119.15421355399847,0.001,1000.0,1.0,
S3,AYEFCWQ,KSWIN,KSWIN_alpha=0.001_window_size=300,mod,,1084.7588179634618,2906.441939572153,2.6793439163082717,3472,68695,74517507.0,580294469171.0,219.18949567100023,0.001,300.0,1.0,
S3,AYEFCWQ,KSWIN,KSWIN_alpha=0.005_window_size=300,mod,,886.4380522599898,2402.3076882170462,2.7100683258038387,3509,68695,60893862.0,396444493712.0,184.83925749599985,0.005,300.0,1.0,
S3,AYEFCWQ,KSWIN,KSWIN_alpha=0.005_window_size=1000,mod,,661.6842128248053,1386.472890914198,2.0953694587863705,1071,68695,45454397.0,132052884671.0,115.1464944670006,0.005,1000.0,1.0,
S3,AYEFCWQ,KSWIN,KSWIN_alpha=0.0001_window_size=100,mod,,62.020452725817016,504.3983435903293,8.132774293347996,8733,68695,4260495.0,17477223147.0,695.6513348219996,0.0001,100.0,1.0,
S3,AYEFCWQ,KSWIN,KSWIN_alpha=1e-05_window_size=100,mod,,61.293107213043164,500.2739139368732,8.161993031255804,8054,68695,4210530.0,17192571672.0,869.9781767080003,1e-05,100.0,1.0,
S3,AYEFCWQ,KSWIN,KSWIN_alpha=0.001_window_size=100,mod,,21.39209549457748,33.25722699271647,1.5546502679527865,9358,68695,1469530.0,75979634.0,617.5403635439998,0.001,100.0,1.0,
S3,AYEFCWQ,KSWIN,KSWIN_alpha=0.01_window_size=1000,mod,,720.7942062741103,1674.5862992308232,2.3232516086484694,1072,68695,49514958.0,192637216898.0,109.98446351299935,0.01,1000.0,1.0,
S3,AYEFCWQ,KSWIN,KSWIN_alpha=0.01_window_size=300,mod,,1032.4118203653832,2487.2310705796813,2.4091462549309246,3533,68695,70921530.0,424969142382.0,164.91119973199966,0.01,300.0,1.0,
S3,AYEFCWQ,KSWIN,KSWIN_alpha=0.005_window_size=100,mod,,19.611951379285248,28.73819190923634,1.4653407686697872,9622,68695,1347243.0,56734079.0,462.69590150600015,0.005,100.0,1.0,
S3,AYEFCWQ,PH,PH_threshold=25_delta=5,mod,5.0,201.1305480748235,1048.370589425514,5.212388667262543,10824,68695,13816663.0,75501361929.0,140.81831105399942,,,,25.0
S3,AYEFCWQ,PH,PH_threshold=25_delta=2,mod,2.0,21.42417934347478,34.28924249398867,1.60049269305768,18956,68695,1471734.0,80768294.0,180.15284803800023,,,,25.0
S3,AYEFCWQ,PH,PH_threshold=25_delta=0.5,mod,0.5,20.86821457165733,32.57183989812264,1.5608350099275323,26765,68695,1433542.0,72880226.0,211.5745556580005,,,,25.0
S3,AYEFCWQ,PH,PH_threshold=25_delta=0.005,mod,0.005,21.62832811703909,34.12188562824009,1.5776478627286228,30664,68695,1485758.0,79981800.0,227.873540265,,,,25.0
S3,AYEFCWQ,KSWIN,KSWIN_alpha=0.01_window_size=100,mod,,86.90826115437805,784.3108602904505,9.024583507628266,9873,68695,5970163.0,42257284489.0,407.2028469830002,0.01,100.0,1.0,
S3,AYEFCWQ,PH,PH_threshold=50_delta=0.005,mod,0.005,19.66930635417425,29.765005579925752,1.5132717465458043,24104,68695,1351183.0,60860717.0,220.1030498179989,,,,50.0
S3,AYEFCWQ,PH,PH_threshold=50_delta=0.5,mod,0.5,20.69192808792489,31.98879043420495,1.5459550361028238,20778,68695,1421432.0,70294406.0,183.2436805469988,,,,50.0
S3,AYEFCWQ,PH,PH_threshold=50_delta=5,mod,5.0,342.4216900793362,1367.4408782995029,3.9934411806176136,8160,68695,23522658.0,128452406500.0,131.7372089620003,,,,50.0
S3,AYEFCWQ,PH,PH_threshold=50_delta=2,mod,2.0,145.70645607395008,884.2834053463622,6.068937706490945,14513,68695,10009305.0,53716545799.0,157.56950555100047,,,,50.0
S3,AYEFCWQ,PH,PH_threshold=100_delta=0.005,mod,0.005,21.576068127229057,35.25406151960873,1.6339428162593723,16606,68695,1482168.0,85377502.0,165.57735472899913,,,,100.0
S3,AYEFCWQ,PH,PH_threshold=100_delta=2,mod,2.0,285.58781570711113,1292.1812354281103,4.52463713211535,10107,68695,19618455.0,114702263453.0,142.02328109200062,,,,100.0
S3,AYEFCWQ,PH,PH_threshold=100_delta=0.5,mod,0.5,116.46217337506368,864.3945775288367,7.422105843285909,14461,68695,8000369.0,51327391725.0,156.2673352540005,,,,100.0
S3,AYEFCWQ,PH,PH_threshold=100_delta=5,mod,5.0,596.6540505131378,1806.7640103018564,3.028160135254245,5666,68695,40987150.0,224247696198.0,131.5544677199996,,,,100.0
S3,AYEFCWQ,PH,PH_threshold=200_delta=0.5,mod,0.5,145.608064633525,729.5162247529126,5.010136125282637,9006,68695,10002546.0,36559061484.0,133.208548392,,,,200.0
S3,AYEFCWQ,PH,PH_threshold=200_delta=0.005,mod,0.005,167.14536720285318,944.515713748439,5.650863853152108,10270,68695,11482051.0,61283491883.0,136.59447153200017,,,,200.0
S3,AYEFCWQ,PH,PH_threshold=200_delta=5,mod,5.0,607.2462042361161,1824.6920005477489,3.0048635756284643,3678,68695,41714778.0,228720064110.0,113.99186233,,,,200.0
S3,AYEFCWQ,PH,PH_threshold=200_delta=2,mod,2.0,385.7212752019798,1433.8950181821629,3.717438239390128,6386,68695,26497123.0,141240692947.0,126.5709137289996,,,,200.0
S3,AYEFCWQ,PH,PH_threshold=500_delta=0.005,mod,0.005,596.7155979328918,2022.8291989128445,3.3899385333988485,4963,68695,40991378.0,281088809210.0,123.7779990679992,,,,500.0
S3,AYEFCWQ,PH,PH_threshold=500_delta=5,mod,5.0,815.3385835941481,2008.660825696193,2.4635910358144493,1806,68695,56009684.0,277164974490.0,106.49891667799966,,,,500.0
S3,AYEFCWQ,PH,PH_threshold=500_delta=0.5,mod,0.5,581.5712351699541,1888.549046508972,3.247321965566396,4395,68695,39951036.0,245008789236.0,115.51158932200087,,,,500.0
S3,AYEFCWQ,PH,PH_threshold=500_delta=2,mod,2.0,484.07102409200087,1527.5811946941767,3.155696413681332,3173,68695,33253259.0,160300078327.0,114.6299046030017,,,,500.0
S3,AMV7EQF,ADWIN,ADWIN_delta=1e-05,mod,1e-05,555.6727639155471,2766.682837320255,4.978978666913292,5587,52100,28950551.0,398801217353.0,92.56328051700076,,,,
S3,AMV7EQF,ADWIN,ADWIN_delta=0.0001,mod,0.0001,164.96028790786949,811.6727060973632,4.920412763529385,6348,52100,8594431.0,34324135513.0,99.13789665399965,,,,
S3,AMV7EQF,ADWIN,ADWIN_delta=0.002,mod,0.002,108.17852207293666,994.130432099768,9.18972096355227,7871,52100,5636101.0,51490185965.0,99.9561970979994,,,,
S3,AMV7EQF,ADWIN,ADWIN_delta=0.01,mod,0.01,108.3803838771593,994.14695610171,9.172757288150022,9389,52100,5646618.0,51491897674.0,107.75838028399994,,,,
S3,AMV7EQF,ADWIN,ADWIN_delta=0.05,mod,0.05,17.309136276391555,27.822542262802852,1.60739056059954,11560,52100,901806.0,40330290.0,118.40317683899956,,,,
S3,AMV7EQF,Sem detector (HT),HT,mod,,15.770153550863723,20.745849433417074,1.3155134708425738,0,52100,821625.0,22423333.0,284.49880223799846,,,,
S3,AMV7EQF,KSWIN,KSWIN_alpha=1e-05_window_size=1000,mod,,750.4898848368522,1569.4981004734077,2.091298140300183,791,52100,39100523.0,128339195373.0,148.39806579600008,1e-05,1000.0,1.0,
S3,AMV7EQF,KSWIN,KSWIN_alpha=0.0001_window_size=1000,mod,,864.6890786948177,1905.0803538652383,2.2031969650187,803,52100,45050301.0,189088153159.0,123.4864703660005,0.0001,1000.0,1.0,
S3,AMV7EQF,KSWIN,KSWIN_alpha=0.0001_window_size=300,mod,,875.479404990403,2103.833373477787,2.4030643799106266,2520,52100,45612477.0,230600584381.0,263.89804235299925,0.0001,300.0,1.0,
S3,AMV7EQF,KSWIN,KSWIN_alpha=1e-05_window_size=300,mod,,884.4997504798464,2165.1171133520124,2.447843667765224,2417,52100,46082437.0,244230843167.0,349.86565416600024,1e-05,300.0,1.0,
S3,AMV7EQF,KSWIN,KSWIN_alpha=0.001_window_size=1000,mod,,626.3748944337812,1347.381638045163,2.151078611257472,809,52100,32634132.0,94584282212.0,96.8175887590005,0.001,1000.0,1.0,
S3,AMV7EQF,KSWIN,KSWIN_alpha=0.001_window_size=300,mod,,637.7586948176584,1940.010478719944,3.0419192940593502,2602,52100,33227228.0,196085678258.0,217.37550957700117,0.001,300.0,1.0,
S3,AMV7EQF,KSWIN,KSWIN_alpha=0.005_window_size=1000,mod,,551.8662188099808,1219.9083579217938,2.210514643480713,811,52100,28752230.0,77533990530.0,91.76480597200134,0.005,1000.0,1.0,
S3,AMV7EQF,KSWIN,KSWIN_alpha=0.005_window_size=300,mod,,898.8062188099808,2574.7388008925286,2.864620590077227,2635,52100,46827804.0,345385482416.0,170.84969578799974,0.005,300.0,1.0,
S3,AMV7EQF,KSWIN,KSWIN_alpha=0.001_window_size=100,mod,,405.0380422264875,2670.280395630015,6.5926656690110566,6872,52100,21102482.0,371493704086.0,486.52204709599937,0.001,100.0,1.0,
S3,AMV7EQF,KSWIN,KSWIN_alpha=0.0001_window_size=100,mod,,15.74602687140115,22.37994372195964,1.42130734976754,6246,52100,820368.0,26094904.0,678.5532029329988,0.0001,100.0,1.0,
S3,AMV7EQF,KSWIN,KSWIN_alpha=0.005_window_size=100,mod,,403.0846449136277,2662.381755607405,6.605019043029775,7153,52100,21000710.0,369299211516.0,398.7868945160008,0.005,100.0,1.0,
S3,AMV7EQF,KSWIN,KSWIN_alpha=0.01_window_size=1000,mod,,801.7900575815739,1752.3931766162111,2.1856010311501315,812,52100,41773262.0,159992944148.0,90.50682930699986,0.01,1000.0,1.0,
S3,AMV7EQF,KSWIN,KSWIN_alpha=0.01_window_size=300,mod,,561.0742226487524,1772.9010657465192,3.1598333949061197,2661,52100,29231967.0,163759583643.0,146.92544110000017,0.01,300.0,1.0,
S3,AMV7EQF,KSWIN,KSWIN_alpha=1e-05_window_size=100,mod,,391.814452975048,2578.9758615565524,6.582135605193691,5563,52100,20413533.0,346523169363.0,875.5453770650001,1e-05,100.0,1.0,
S3,AMV7EQF,PH,PH_threshold=25_delta=5,mod,5.0,237.18765834932825,1277.193631574159,5.384738988793076,9318,52100,12357477.0,84986748129.0,115.39113193599952,,,,25.0
S3,AMV7EQF,PH,PH_threshold=25_delta=2,mod,2.0,15.67038387715931,24.40517746585989,1.5574077608546752,16071,52100,816427.0,31031421.0,144.96676633700008,,,,25.0
S3,AMV7EQF,PH,PH_threshold=25_delta=0.5,mod,0.5,17.502380038387717,29.925898245441942,1.7098187892050054,21766,52100,911874.0,46658644.0,169.9930016319995,,,,25.0
S3,AMV7EQF,PH,PH_threshold=25_delta=0.005,mod,0.005,17.866314779270635,28.131615195585127,1.5745617125376516,24242,52100,930835.0,41231303.0,180.98287664300005,,,,25.0
S3,AMV7EQF,KSWIN,KSWIN_alpha=0.01_window_size=100,mod,,15.7652783109405,23.134536421373603,1.4674359668816708,7363,52100,821371.0,27884273.0,354.53636090799955,0.01,100.0,1.0,
S3,AMV7EQF,PH,PH_threshold=50_delta=0.005,mod,0.005,16.416218809980805,27.33769166913229,1.6652855316786714,19589,52100,855285.0,38936903.0,159.76452820299892,,,,50.0
S3,AMV7EQF,PH,PH_threshold=50_delta=0.5,mod,0.5,15.629635316698655,24.23651691970677,1.5506770585883434,17010,52100,814304.0,30603996.0,148.51596151599915,,,,50.0
S3,AMV7EQF,PH,PH_threshold=50_delta=5,mod,5.0,422.61264875239925,1393.7808827491797,3.298010333727066,6886,52100,22018119.0,101210770269.0,107.04788037700018,,,,50.0
S3,AMV7EQF,PH,PH_threshold=50_delta=2,mod,2.0,15.951785028790788,24.729910709204365,1.5502911219384077,11984,52100,831088.0,31862718.0,127.14577542900042,,,,50.0
S3,AMV7EQF,PH,PH_threshold=100_delta=0.005,mod,0.005,15.517773512476008,23.623801394408492,1.5223705498353477,13400,52100,808476.0,29076176.0,134.8477834739988,,,,100.0
S3,AMV7EQF,PH,PH_threshold=100_delta=0.5,mod,0.5,15.367312859884835,23.126333753102436,1.5049042056970097,11626,52100,800637.0,27864503.0,124.06105208100053,,,,100.0
S3,AMV7EQF,PH,PH_threshold=100_delta=5,mod,5.0,624.0387332053742,1814.9445285643951,2.90838441909196,4604,52100,32512418.0,171618631736.0,97.36167705800108,,,,100.0
S3,AMV7EQF,PH,PH_threshold=100_delta=2,mod,2.0,390.1971017274472,1534.4579205825055,3.9325200361286257,8093,52100,20329269.0,122672633833.0,109.8582673280016,,,,100.0
S3,AMV7EQF,PH,PH_threshold=200_delta=0.5,mod,0.5,277.37452975047984,1245.6447423275592,4.490840393485712,6990,52100,14451213.0,80839965935.0,105.46653506000077,,,,200.0
S3,AMV7EQF,PH,PH_threshold=200_delta=0.005,mod,0.005,100.51673704414588,552.4561764608926,5.496161064383336,7988,52100,5236922.0,15901327782.0,118.19723379099923,,,,200.0
S3,AMV7EQF,PH,PH_threshold=200_delta=2,mod,2.0,504.3514971209213,1489.1578124381208,2.9526189987319227,4974,52100,26276713.0,115536490597.0,99.43488845899992,,,,200.0
S3,AMV7EQF,PH,PH_threshold=200_delta=5,mod,5.0,633.3834357005758,1697.469419075,2.680002859875006,2868,52100,32999277.0,150121066535.0,90.13893290399938,,,,200.0
S3,AMV7EQF,PH,PH_threshold=500_delta=0.005,mod,0.005,481.9862763915547,1452.422788754592,3.0134110863660286,3784,52100,25111485.0,109906614975.0,92.1005023409998,,,,500.0
S3,AMV7EQF,PH,PH_threshold=500_delta=0.5,mod,0.5,388.9382917466411,1379.069498018386,3.545728274336968,3367,52100,20263685.0,99085482647.0,89.9826430080011,,,,500.0
S3,AMV7EQF,PH,PH_threshold=500_delta=2,mod,2.0,606.5009404990403,1908.057455480968,3.146009062922446,2454,52100,31598699.0,189679597503.0,87.3091599039999,,,,500.0
S3,AMV7EQF,PH,PH_threshold=500_delta=5,mod,5.0,802.9993282149712,1788.5781489104904,2.2273719118625084,1398,52100,41836265.0,166668514507.0,83.62631070099997,,,,500.0
S3,A1ZJ41O,ADWIN,ADWIN_delta=1e-05,mod,1e-05,304.8403296474025,1409.9406059510516,4.625177408717139,5343,47930,14610997.0,95281605315.0,83.41228594399945,,,,
S3,A1ZJ41O,ADWIN,ADWIN_delta=0.0001,mod,0.0001,304.96430210723975,1409.9394388625956,4.623293379324098,6066,47930,14616939.0,95281447575.0,85.66111605100014,,,,
S3,A1ZJ41O,ADWIN,ADWIN_delta=0.002,mod,0.002,48.681556436469855,295.2815576869566,6.065573480016059,7334,47930,2333307.0,4179074135.0,91.11243355999976,,,,
S3,A1ZJ41O,ADWIN,ADWIN_delta=0.01,mod,0.01,48.58798247444189,295.3107930113922,6.07785666274023,8536,47930,2328822.0,4179901702.0,97.21153358099764,,,,
S3,A1ZJ41O,ADWIN,ADWIN_delta=0.05,mod,0.05,17.167076987273106,24.6515402199949,1.4359777286646085,10452,47930,822818.0,29126986.0,106.5693380599987,,,,
S3,A1ZJ41O,Sem detector (HT),HT,mod,,18.1978927602754,23.970297271044792,1.3172018093968607,0,47930,872225.0,27539387.0,223.3141532949994,,,,
S3,A1ZJ41O,KSWIN,KSWIN_alpha=1e-05_window_size=1000,mod,,741.6964531608596,1790.51934765915,2.4140864366123926,733,47930,35549511.0,153661640481.0,120.96694078499786,1e-05,1000.0,1.0,
S3,A1ZJ41O,KSWIN,KSWIN_alpha=0.0001_window_size=1000,mod,,486.4129981222616,1074.1260464176164,2.2082593404455677,741,47930,23313775.0,55299082379.0,106.49326941699836,0.0001,1000.0,1.0,
S3,A1ZJ41O,KSWIN,KSWIN_alpha=1e-05_window_size=300,mod,,961.6773628207804,2375.298230529331,2.469953356874425,2264,47930,46093196.0,270423057912.0,288.61042377899867,1e-05,300.0,1.0,
S3,A1ZJ41O,KSWIN,KSWIN_alpha=0.0001_window_size=300,mod,,538.4686209054871,1721.414992560401,3.196871508808953,2351,47930,25808801.0,142029510807.0,218.56239929000003,0.0001,300.0,1.0,
S3,A1ZJ41O,KSWIN,KSWIN_alpha=0.001_window_size=1000,mod,,536.8706864176925,1230.7539464979843,2.2924588315862,745,47930,25732212.0,72602220418.0,88.44262819799769,0.001,1000.0,1.0,
S3,A1ZJ41O,KSWIN,KSWIN_alpha=0.001_window_size=300,mod,,806.8663467556854,2431.200826649959,3.0131394578860937,2417,47930,38673104.0,283301646434.0,162.96337879400016,0.001,300.0,1.0,
S3,A1ZJ41O,KSWIN,KSWIN_alpha=0.005_window_size=1000,mod,,469.8860004172752,1503.0504379936594,3.198755520826112,746,47930,22521636.0,108281568476.0,85.01242774999992,0.005,1000.0,1.0,
S3,A1ZJ41O,KSWIN,KSWIN_alpha=0.005_window_size=300,mod,,856.2351554350093,2326.988856210716,2.717698334902509,2441,47930,41039351.0,259535061173.0,138.93185820299914,0.005,300.0,1.0,
S3,A1ZJ41O,KSWIN,KSWIN_alpha=0.0001_window_size=100,mod,,238.1475485082412,2117.7844421807117,8.892740888774778,6003,47930,11414412.0,214966574524.0,532.4791456349994,0.0001,100.0,1.0,
S3,A1ZJ41O,KSWIN,KSWIN_alpha=0.001_window_size=100,mod,,166.4395368245358,1294.1194704900793,7.77531285643007,6484,47930,7977447.0,80270537623.0,444.9017029079987,0.001,100.0,1.0,
S3,A1ZJ41O,KSWIN,KSWIN_alpha=0.005_window_size=100,mod,,412.6327143751304,2084.314175758363,5.051257699997783,6679,47930,19777486.0,208225442406.0,341.8426258799991,0.005,100.0,1.0,
S3,A1ZJ41O,KSWIN,KSWIN_alpha=0.01_window_size=300,mod,,805.6909034007929,2307.8004655778504,2.864374483858147,2455,47930,38616765.0,255272447459.0,125.91248281799926,0.01,300.0,1.0,
S3,A1ZJ41O,KSWIN,KSWIN_alpha=1e-05_window_size=100,mod,,395.48869184227,2429.35362822504,6.142662681222557,5473,47930,18955773.0,282871311313.0,671.1446130730001,1e-05,100.0,1.0,
S3,A1ZJ41O,KSWIN,KSWIN_alpha=0.01_window_size=1000,mod,,490.244940538285,1117.8870171632204,2.2802622214434063,748,47930,23497440.0,59896749394.0,80.80766308699822,0.01,1000.0,1.0,
S3,A1ZJ41O,PH,PH_threshold=25_delta=5,mod,5.0,398.3862299186313,1358.7066006397986,3.410526013706117,5186,47930,19094652.0,88482788224.0,93.44961045799936,,,,25.0
S3,A1ZJ41O,PH,PH_threshold=25_delta=2,mod,2.0,168.52564156060922,839.3054691596112,4.980283483197779,10290,47930,8077434.0,33763505830.0,114.0212029510003,,,,25.0
S3,A1ZJ41O,PH,PH_threshold=25_delta=0.005,mod,0.005,17.296828708533276,25.49731968420713,1.474103728137644,19865,47930,829037.0,31159931.0,157.78003283999715,,,,25.0
S3,A1ZJ41O,KSWIN,KSWIN_alpha=0.01_window_size=100,mod,,310.71022324222827,1857.8169804588624,5.979259263093241,6852,47930,14892341.0,165429624903.0,301.56749813499846,0.01,100.0,1.0,
S3,A1ZJ41O,PH,PH_threshold=25_delta=0.5,mod,0.5,18.385040684331315,26.968240201272227,1.4668577929368392,16396,47930,881195.0,34858817.0,156.12575715500134,,,,25.0
S3,A1ZJ41O,PH,PH_threshold=50_delta=0.005,mod,0.005,17.949155017734196,26.727008151685183,1.489039908858008,14524,47930,860303.0,34237979.0,132.2917774330017,,,,50.0
S3,A1ZJ41O,PH,PH_threshold=50_delta=5,mod,5.0,476.4088045065721,1518.4884375001393,3.187364345780456,3822,47930,22834274.0,110517335972.0,89.16486398699999,,,,50.0
S3,A1ZJ41O,PH,PH_threshold=50_delta=2,mod,2.0,192.06050490298352,845.530704474694,4.402418419663122,7451,47930,9205460.0,34266219714.0,105.66514515399832,,,,50.0
S3,A1ZJ41O,PH,PH_threshold=50_delta=0.5,mod,0.5,47.778531191320674,290.1907693218798,6.073664511783802,11875,47930,2290025.0,4036218017.0,125.32897945399964,,,,50.0
S3,A1ZJ41O,PH,PH_threshold=100_delta=0.5,mod,0.5,202.97273106613807,876.8015312268188,4.319799643140809,7829,47930,9728483.0,36847669743.0,102.8473551590032,,,,100.0
S3,A1ZJ41O,PH,PH_threshold=100_delta=0.005,mod,0.005,75.56386396828708,534.7550604058538,7.076862303260216,9480,47930,3621776.0,13706205374.0,115.52229812499718,,,,100.0
S3,A1ZJ41O,PH,PH_threshold=100_delta=2,mod,2.0,292.3789901940329,1019.5842326810556,3.4872007458689964,5027,47930,14013725.0,49825727721.0,96.5471814529992,,,,100.0
S3,A1ZJ41O,PH,PH_threshold=100_delta=5,mod,5.0,509.5704569163363,1525.2688415128816,2.993244252704602,2628,47930,24423712.0,111506510714.0,82.64244234299986,,,,100.0
S3,A1ZJ41O,PH,PH_threshold=200_delta=0.005,mod,0.005,331.3837262674734,1348.426916806656,4.069080072200906,5723,47930,15883222.0,87148969338.0,92.64221986399934,,,,200.0
S3,A1ZJ41O,PH,PH_threshold=200_delta=0.5,mod,0.5,281.1913206759858,1269.0836394313471,4.513239015985492,4808,47930,13477500.0,77194777496.0,90.34261681600036,,,,200.0
S3,A1ZJ41O,PH,PH_threshold=200_delta=5,mod,5.0,368.29922804089296,1139.0435179305575,3.092712205750503,1693,47930,17652582.0,62185347106.0,78.41635035999934,,,,200.0
S3,A1ZJ41O,PH,PH_threshold=200_delta=2,mod,2.0,473.6702900062591,1493.2890178042437,3.1525916852089484,3165,47930,22703017.0,106879686507.0,84.56037701399691,,,,200.0
S3,A1ZJ41O,PH,PH_threshold=500_delta=0.005,mod,0.005,350.4504694345921,1348.6951951953724,3.8484616595643977,2700,47930,16797091.0,87183650507.0,83.19442437100224,,,,500.0
S3,A1ZJ41O,PH,PH_threshold=500_delta=0.5,mod,0.5,368.0680993114959,1388.3803702942512,3.772074713596044,2332,47930,17641504.0,92389870522.0,81.00350762999733,,,,500.0
S3,A1ZJ41O,PH,PH_threshold=500_delta=2,mod,2.0,384.2016482370123,1063.3898319606485,2.7677909161510104,1582,47930,18414785.0,54199145011.0,77.13592528899972,,,,500.0
S3,A1ZJ41O,PH,PH_threshold=500_delta=5,mod,5.0,895.6173586480284,2126.8028312754377,2.374677992492168,853,47930,42926940.0,216801303270.0,74.96256087499933,,,,500.0
S3,AZIK4ZA,ADWIN,ADWIN_delta=1e-05,mod,1e-05,157.78326378707567,849.9074977496228,5.386550368843621,5361,44335,6995321.0,32025066031.0,78.50542299399967,,,,
S3,AZIK4ZA,ADWIN,ADWIN_delta=0.0001,mod,0.0001,14.248787639562424,19.81488140781618,1.3906363059829203,5977,44335,631720.0,17407230.0,80.75333691800188,,,,
S3,AZIK4ZA,ADWIN,ADWIN_delta=0.002,mod,0.002,14.34349836472313,20.11973014779907,1.4027073198043647,7185,44335,635919.0,17946965.0,86.438733641,,,,
S3,AZIK4ZA,ADWIN,ADWIN_delta=0.01,mod,0.01,14.0822826209541,19.90649167889696,1.4135841620787084,8357,44335,624338.0,17568560.0,90.06846403700183,,,,
S3,AZIK4ZA,ADWIN,ADWIN_delta=0.05,mod,0.05,14.009676327957596,20.28066015930261,1.4476180380292365,10049,44335,621119.0,18235215.0,100.852301136998,,,,
S3,AZIK4ZA,Sem detector (HT),HT,mod,,18.48670350738694,24.28903341980189,1.313865038734269,0,44335,819608.0,26155750.0,203.15854569099972,,,,
S3,AZIK4ZA,KSWIN,KSWIN_alpha=1e-05_window_size=1000,mod,,448.4897710612383,938.0900035763996,2.0916642119989617,679,44335,19883794.0,39015369918.0,108.44306687700008,1e-05,1000.0,1.0,
S3,AZIK4ZA,KSWIN,KSWIN_alpha=0.0001_window_size=1000,mod,,493.40214277658737,1020.9386959160508,2.069181722987231,685,44335,21874984.0,46211071916.0,97.5515578960003,0.0001,1000.0,1.0,
S3,AZIK4ZA,KSWIN,KSWIN_alpha=1e-05_window_size=300,mod,,453.0786286229841,1229.226232251517,2.7130527784712206,2116,44335,20087241.0,66990057761.0,243.3040895980012,1e-05,300.0,1.0,
S3,AZIK4ZA,KSWIN,KSWIN_alpha=0.0001_window_size=300,mod,,592.9941355588136,1494.863099102039,2.520873326501519,2186,44335,26290395.0,99071686397.0,189.4982383509996,0.0001,300.0,1.0,
S3,AZIK4ZA,KSWIN,KSWIN_alpha=0.001_window_size=1000,mod,,439.26096763279577,1014.4213229399912,2.3093818884176525,689,44335,19474635.0,45622959257.0,78.95561376399928,0.001,1000.0,1.0,
S3,AZIK4ZA,KSWIN,KSWIN_alpha=0.001_window_size=300,mod,,570.1156422690876,1445.736235312448,2.5358648809535347,2236,44335,25276077.0,92666944875.0,149.97729306800102,0.001,300.0,1.0,
S3,AZIK4ZA,KSWIN,KSWIN_alpha=0.005_window_size=1000,mod,,519.5792489004173,1127.8320790798407,2.17066420852385,692,44335,23035546.0,56394350480.0,72.91710234399943,0.005,1000.0,1.0,
S3,AZIK4ZA,KSWIN,KSWIN_alpha=0.005_window_size=300,mod,,524.2527574151347,1389.8330678422506,2.6510744067325858,2258,44335,23242746.0,85639080130.0,127.40294915900084,0.005,300.0,1.0,
S3,AZIK4ZA,KSWIN,KSWIN_alpha=0.001_window_size=100,mod,,15.649825194541558,24.016304468898717,1.534605286024234,5876,44335,693835.0,25571669.0,396.1970771730012,0.001,100.0,1.0,
S3,AZIK4ZA,KSWIN,KSWIN_alpha=0.01_window_size=300,mod,,689.2021202210443,1668.8890663485104,2.421479878519898,2274,44335,30555776.0,123481430384.0,114.53855933399971,0.01,300.0,1.0,
S3,AZIK4ZA,KSWIN,KSWIN_alpha=0.0001_window_size=100,mod,,14.162196909890604,20.018814315081386,1.4135387639682253,5430,44335,627881.0,17767381.0,507.4203421130005,0.0001,100.0,1.0,
S3,AZIK4ZA,KSWIN,KSWIN_alpha=0.005_window_size=100,mod,,14.763933686703508,20.809899635991588,1.4095091509882027,6060,44335,654559.0,19199357.0,351.7783555069982,0.005,100.0,1.0,
S3,AZIK4ZA,KSWIN,KSWIN_alpha=0.01_window_size=1000,mod,,392.9426638096312,939.1097405965264,2.3899408923727776,692,44335,17421113.0,39100238195.0,72.62074842199945,0.01,1000.0,1.0,
S3,AZIK4ZA,KSWIN,KSWIN_alpha=1e-05_window_size=100,mod,,113.31997293334835,621.515205829292,5.484604255905089,4899,44335,5024041.0,17125774833.0,655.7786809819991,1e-05,100.0,1.0,
S3,AZIK4ZA,PH,PH_threshold=25_delta=5,mod,5.0,378.9170632682982,1003.6164634830474,2.6486441513783743,6503,44335,16799288.0,44656251666.0,92.04123081500074,,,,25.0
S3,AZIK4ZA,PH,PH_threshold=25_delta=0.5,mod,0.5,13.070418405323109,19.240140153350215,1.4720370501310351,15946,44335,579477.0,16412063.0,147.65339565600152,,,,25.0
S3,AZIK4ZA,KSWIN,KSWIN_alpha=0.01_window_size=100,mod,,16.168963572798017,29.357810196105305,1.8156890553885376,6224,44335,716851.0,38211495.0,302.3160798509998,0.01,100.0,1.0,
S3,AZIK4ZA,PH,PH_threshold=25_delta=0.005,mod,0.005,16.86859140633811,29.92325547127724,1.7739036265964714,18717,44335,747869.0,39697613.0,160.4959046289987,,,,25.0
S3,AZIK4ZA,PH,PH_threshold=25_delta=2,mod,2.0,13.878290289838729,22.65166270696476,1.6321652187625473,11123,44335,615294.0,22748192.0,117.68984033000017,,,,25.0
S3,AZIK4ZA,PH,PH_threshold=50_delta=0.005,mod,0.005,13.96179091011616,23.55150277496719,1.6868539950632482,14502,44335,618996.0,24591440.0,129.10237225899982,,,,50.0
S3,AZIK4ZA,PH,PH_threshold=50_delta=5,mod,5.0,459.7638209089884,1228.141300538416,2.671243896725685,5025,44335,20383629.0,66871857283.0,89.78041396100161,,,,50.0
S3,AZIK4ZA,PH,PH_threshold=50_delta=2,mod,2.0,251.5462952520582,853.5660004010896,3.3932759754850954,8558,44335,11152305.0,32301368947.0,100.76740037299896,,,,50.0
S3,AZIK4ZA,PH,PH_threshold=50_delta=0.5,mod,0.5,13.715822713431828,22.514945476742408,1.6415308033030822,12322,44335,608091.0,22474421.0,117.64911589099938,,,,50.0
S3,AZIK4ZA,PH,PH_threshold=100_delta=0.005,mod,0.005,43.6693131837149,241.8215964623915,5.537563539070527,10047,44335,1936079.0,2592608143.0,105.38789718599946,,,,100.0
S3,AZIK4ZA,PH,PH_threshold=100_delta=0.5,mod,0.5,13.302221720987934,19.39637531116209,1.458130507669929,8672,44335,589754.0,16679686.0,99.7731837499996,,,,100.0
S3,AZIK4ZA,PH,PH_threshold=100_delta=2,mod,2.0,354.2936506146385,1070.8777390510263,3.0225710711813143,6123,44335,15707609.0,50842452817.0,90.9162542219965,,,,100.0
S3,AZIK4ZA,PH,PH_threshold=100_delta=5,mod,5.0,290.2632006315552,778.1013094386133,2.6806750140755664,3715,44335,12868819.0,26842255453.0,80.2484082589981,,,,100.0
S3,AZIK4ZA,PH,PH_threshold=200_delta=0.005,mod,0.005,146.76661779632346,679.2585984400592,4.628154607900727,6400,44335,6506898.0,20455825118.0,91.86028604900277,,,,200.0
S3,AZIK4ZA,PH,PH_threshold=200_delta=5,mod,5.0,310.6387955340025,711.158961659976,2.289343674660664,2608,44335,13772171.0,22422296293.0,76.84846370599917,,,,200.0
S3,AZIK4ZA,PH,PH_threshold=200_delta=0.5,mod,0.5,295.6258937633924,1039.9035538166772,3.5176335218083983,5626,44335,13106574.0,47943842454.0,87.88784740300252,,,,200.0
S3,AZIK4ZA,PH,PH_threshold=200_delta=2,mod,2.0,508.1854967858352,1204.8190195906166,2.370825273863264,4091,44335,22530404.0,64356192550.0,82.01849672599928,,,,200.0
S3,AZIK4ZA,PH,PH_threshold=500_delta=0.005,mod,0.005,635.9038006089996,1603.6132343174263,2.521785894001042,3320,44335,28192795.0,114010795593.0,78.26317553999979,,,,500.0
S3,AZIK4ZA,PH,PH_threshold=500_delta=0.5,mod,0.5,486.2579903011165,1201.6568851971597,2.471233191362121,2976,44335,21558248.0,64018820924.0,76.7606332840005,,,,500.0
S3,AZIK4ZA,PH,PH_threshold=500_delta=5,mod,5.0,396.3221608210218,964.3206872184436,2.4331737726216343,1580,44335,17570943.0,41227754383.0,72.30039796500205,,,,500.0
S3,AZIK4ZA,PH,PH_threshold=500_delta=2,mod,2.0,394.4459907522274,1018.3515867935912,2.581726296296094,2309,44335,17487763.0,45977166375.0,76.02098056899922,,,,500.0
S3,AX6281V,ADWIN,ADWIN_delta=1e-05,mod,1e-05,73.68657998037291,437.8709962390743,5.942343861741245,4043,40760,3003465.0,7814955941.0,68.80134376800197,,,,
S3,AX6281V,ADWIN,ADWIN_delta=0.0001,mod,0.0001,16.28255642787046,21.91181081941135,1.3457230083296643,4569,40760,663677.0,19569995.0,70.25189749199853,,,,
S3,AX6281V,ADWIN,ADWIN_delta=0.002,mod,0.002,16.395976447497546,22.10531710156953,1.3482159584916562,5660,40760,668300.0,19917172.0,75.64987035200102,,,,
S3,AX6281V,ADWIN,ADWIN_delta=0.01,mod,0.01,16.3389842983317,22.037519861560536,1.3487692661416346,6643,40760,665977.0,19795187.0,79.43089203800264,,,,
S3,AX6281V,ADWIN,ADWIN_delta=0.05,mod,0.05,16.38716879293425,22.37151571546421,1.3651849198691517,8155,40760,667941.0,20399757.0,84.81591667699831,,,,
S3,AX6281V,Sem detector (HT),HT,mod,,18.541854759568203,24.46246649314744,1.3193106520545903,0,40760,755766.0,24391284.0,168.21573451299992,,,,
S3,AX6281V,KSWIN,KSWIN_alpha=1e-05_window_size=1000,mod,,441.11808145240434,1089.7186594469283,2.4703559098257157,617,40760,17979973.0,48401960205.0,115.92022547300076,1e-05,1000.0,1.0,
S3,AX6281V,KSWIN,KSWIN_alpha=0.0001_window_size=1000,mod,,648.1850343473994,1355.2561093872268,2.0908475783488507,627,40760,26420022.0,74864671414.0,98.61329276700052,0.0001,1000.0,1.0,
S3,AX6281V,KSWIN,KSWIN_alpha=0.0001_window_size=300,mod,,906.5745338567224,2216.000752323503,2.4443668662258347,1952,40760,36951978.0,200158474466.0,214.3408138470004,0.0001,300.0,1.0,
S3,AX6281V,KSWIN,KSWIN_alpha=1e-05_window_size=300,mod,,797.5467124631992,2274.8955782309567,2.85236656697513,1847,40760,32508004.0,210939109592.0,298.93574330000047,1e-05,300.0,1.0,
S3,AX6281V,KSWIN,KSWIN_alpha=0.001_window_size=1000,mod,,730.0544651619234,1828.2475574454356,2.504261866325188,631,40760,29757020.0,136239856992.0,78.0810594350005,0.001,1000.0,1.0,
S3,AX6281V,KSWIN,KSWIN_alpha=0.001_window_size=300,mod,,958.1960009813542,2295.8106642447374,2.3959718699446046,2023,40760,39056069.0,214835631663.0,162.083937823998,0.001,300.0,1.0,
S3,AX6281V,KSWIN,KSWIN_alpha=0.005_window_size=1000,mod,,503.6344700686948,1077.11732466078,2.138688649555427,634,40760,20528141.0,47289007359.0,72.06085944300139,0.005,1000.0,1.0,
S3,AX6281V,KSWIN,KSWIN_alpha=0.005_window_size=300,mod,,824.4699460255152,2232.9096045815604,2.7082971493935544,2053,40760,33605395.0,203224684919.0,132.7177052320003,0.005,300.0,1.0,
S3,AX6281V,KSWIN,KSWIN_alpha=0.001_window_size=100,mod,,279.12517173699706,2035.83128117176,7.293614074656089,5164,40760,11377142.0,168934263060.0,420.1467310379994,0.001,100.0,1.0,
S3,AX6281V,KSWIN,KSWIN_alpha=0.01_window_size=300,mod,,618.3727674190383,1539.7183098858834,2.4899516780345183,2072,40760,25204874.0,96631055632.0,117.47406058200067,0.01,300.0,1.0,
S3,AX6281V,KSWIN,KSWIN_alpha=0.01_window_size=1000,mod,,415.0338567222768,988.8297878118276,2.382528007765668,635,40760,16916780.0,39854490076.0,68.89896678800142,0.01,1000.0,1.0,
S3,AX6281V,KSWIN,KSWIN_alpha=0.0001_window_size=100,mod,,454.60260058881255,2527.686809422007,5.560211943680227,4625,40760,18529602.0,260423816722.0,658.5449223100004,0.0001,100.0,1.0,
S3,AX6281V,KSWIN,KSWIN_alpha=1e-05_window_size=100,mod,,224.85777723258096,1451.9398790209814,6.457147699717639,4085,40760,9165203.0,85927354845.0,713.9096312229995,1e-05,100.0,1.0,
S3,AX6281V,PH,PH_threshold=25_delta=0.005,mod,0.005,16.93029931305201,24.711131392963654,1.4595803025120295,16936,40760,690079.0,24889687.0,132.9067947370022,,,,25.0
S3,AX6281V,KSWIN,KSWIN_alpha=0.01_window_size=100,mod,,17.668179587831208,23.88214387106635,1.3517037084859016,5584,40760,720155.0,23247743.0,312.1341262129972,0.01,100.0,1.0,
S3,AX6281V,KSWIN,KSWIN_alpha=0.005_window_size=100,mod,,283.8877330716389,2072.206686676352,7.299387910337893,5397,40760,11571264.0,175025092912.0,409.2844737179985,0.005,100.0,1.0,
S3,AX6281V,PH,PH_threshold=25_delta=0.5,mod,0.5,16.339106967615308,23.70586234911962,1.4508664638835822,14004,40760,665982.0,22905812.0,118.41248962899772,,,,25.0
S3,AX6281V,PH,PH_threshold=25_delta=5,mod,5.0,261.45797350343474,801.7785613910982,3.066567642392307,4482,40760,10657027.0,26202519595.0,79.6604807420008,,,,25.0
S3,AX6281V,PH,PH_threshold=25_delta=2,mod,2.0,65.1112365063788,395.7569743886172,6.078167081803856,8828,40760,2653934.0,6383977234.0,95.19320929199966,,,,25.0
S3,AX6281V,PH,PH_threshold=50_delta=2,mod,2.0,292.4002208047105,1038.6603737776547,3.5521873783787585,6135,40760,11918233.0,43972514565.0,83.55517691400019,,,,50.0
S3,AX6281V,PH,PH_threshold=50_delta=5,mod,5.0,226.3598135426889,734.4175466158421,3.2444696570548253,3161,40760,9226426.0,21984685852.0,72.44997728599992,,,,50.0
S3,AX6281V,PH,PH_threshold=50_delta=0.005,mod,0.005,15.996221786064767,22.64404983942846,1.4155873894643671,12324,40760,652006.0,20899812.0,108.8749439380008,,,,50.0
S3,AX6281V,PH,PH_threshold=50_delta=0.5,mod,0.5,16.359960745829245,23.83112712852453,1.4566738575213245,9933,40760,666832.0,23148526.0,111.99242279899772,,,,50.0
S3,AX6281V,PH,PH_threshold=100_delta=0.5,mod,0.5,16.305888125613347,23.13073735951573,1.4185512117663734,6431,40760,664628.0,21807864.0,83.96777110000039,,,,100.0
S3,AX6281V,PH,PH_threshold=100_delta=0.005,mod,0.005,16.208807654563298,23.143865140058114,1.427857349738022,7838,40760,660671.0,21832625.0,92.30114301799767,,,,100.0
S3,AX6281V,PH,PH_threshold=100_delta=2,mod,2.0,139.95522571148186,527.411299255091,3.768428771229672,4037,40760,5704575.0,11337910779.0,75.57157332100178,,,,100.0
S3,AX6281V,PH,PH_threshold=100_delta=5,mod,5.0,440.9927870461236,1183.7168626999598,2.6842091242099038,2185,40760,17974866.0,57112325506.0,68.79367682999873,,,,100.0
S3,AX6281V,PH,PH_threshold=200_delta=0.005,mod,0.005,139.6994602551521,570.6870383845919,4.085105535427758,4624,40760,5694150.0,13274867440.0,77.18401794300007,,,,200.0
S3,AX6281V,PH,PH_threshold=200_delta=0.5,mod,0.5,174.7108930323847,620.8661320884598,3.553677285441928,3859,40760,7121216.0,15711950972.0,74.77991083499728,,,,200.0
S3,AX6281V,PH,PH_threshold=200_delta=5,mod,5.0,754.5839057899902,2103.3769602589045,2.787465971801815,1454,40760,30756840.0,180330173402.0,66.68490467499942,,,,200.0
S3,AX6281V,PH,PH_threshold=200_delta=2,mod,2.0,386.1468842001962,1161.9486448052976,3.009084605750412,2583,40760,15739347.0,55031080863.0,70.03816700799871,,,,200.0
S3,AX6281V,PH,PH_threshold=500_delta=0.005,mod,0.005,651.8088076545633,1626.8440289043529,2.495891448227446,2275,40760,26567727.0,107876292111.0,67.79066189200239,,,,500.0
S3,AX6281V,PH,PH_threshold=500_delta=0.5,mod,0.5,733.7414131501472,2207.933862109652,3.009144396839213,1972,40760,29907300.0,198703856252.0,66.4909943010025,,,,500.0
S3,AX6281V,PH,PH_threshold=500_delta=2,mod,2.0,803.5390578999019,2293.7145775783624,2.854515353084546,1391,40760,32752252.0,214443518724.0,65.34871411799759,,,,500.0
S3,AX6281V,PH,PH_threshold=500_delta=5,mod,5.0,616.2194553483807,2084.3971873580954,3.3825566026305967,801,40760,25117105.0,177090446229.0,62.89732807800101,,,,500.0
S3,A7EM0B6,ADWIN,ADWIN_delta=1e-05,mod,1e-05,185.82603166363876,1244.1563862489593,6.69527501131268,4537,38530,7159877.0,59641554621.0,65.52968250499907,,,,
S3,A7EM0B6,ADWIN,ADWIN_delta=0.0001,mod,0.0001,251.7829223981313,1343.837900986073,5.337287724626262,5111,38530,9701196.0,69581338718.0,68.23184840199974,,,,
S3,A7EM0B6,ADWIN,ADWIN_delta=0.002,mod,0.002,16.860109005969374,23.98028215015491,1.4223088440095266,6169,38530,649620.0,22156828.0,76.64717727099924,,,,
S3,A7EM0B6,ADWIN,ADWIN_delta=0.01,mod,0.01,16.750012976901115,23.790419592042287,1.4203224573527289,7247,38530,645378.0,21807366.0,85.86379232800027,,,,
S3,A7EM0B6,ADWIN,ADWIN_delta=0.05,mod,0.05,16.845289384894887,24.057998848422717,1.4281736750687963,8688,38530,649049.0,22300675.0,84.29980321699986,,,,
S3,A7EM0B6,Sem detector (HT),HT,mod,,22.491045938229952,28.79954886891816,1.2804895311678282,0,38530,866580.0,31957322.0,148.2466235619977,,,,
S3,A7EM0B6,KSWIN,KSWIN_alpha=1e-05_window_size=1000,mod,,571.1570724111082,1138.067134143134,1.9925641983891509,586,38530,22006682.0,49903932774.0,101.9227024540014,1e-05,1000.0,1.0,
S3,A7EM0B6,KSWIN,KSWIN_alpha=0.0001_window_size=1000,mod,,471.4661302880872,1163.7619781603005,2.4683893569389364,593,38530,18165590.0,52182795018.0,89.5277703669999,0.0001,1000.0,1.0,
S3,A7EM0B6,KSWIN,KSWIN_alpha=1e-05_window_size=300,mod,,658.0958214378406,1826.2220425696307,2.7750093270302334,1802,38530,25356432.0,128500900136.0,239.52588347200071,1e-05,300.0,1.0,
S3,A7EM0B6,KSWIN,KSWIN_alpha=0.0001_window_size=300,mod,,645.6425901894628,1655.0817285674254,2.563464296990916,1880,38530,24876609.0,105545056703.0,176.65063627500058,0.0001,300.0,1.0,
S3,A7EM0B6,KSWIN,KSWIN_alpha=0.001_window_size=300,mod,,709.5729042304698,1802.6251675773544,2.540436869601577,1928,38530,27339844.0,125201597274.0,138.7120914770021,0.001,300.0,1.0,
S3,A7EM0B6,KSWIN,KSWIN_alpha=0.001_window_size=1000,mod,,429.8490007786141,968.2281839232244,2.252484435626018,597,38530,16562082.0,36120557896.0,71.02810216500075,0.001,1000.0,1.0,
S3,A7EM0B6,KSWIN,KSWIN_alpha=0.005_window_size=1000,mod,,479.5418894368025,922.6585166288836,1.9240415424656627,599,38530,18476749.0,32800540387.0,68.1377140730001,0.005,1000.0,1.0,
S3,A7EM0B6,KSWIN,KSWIN_alpha=0.005_window_size=300,mod,,748.3550999221386,1832.8806463865185,2.4492124749029136,1953,38530,28834122.0,129439664904.0,113.33664274900002,0.005,300.0,1.0,
S3,A7EM0B6,KSWIN,KSWIN_alpha=0.001_window_size=100,mod,,18.4788476511809,25.794115863594385,1.3958725322326038,5093,38530,711990.0,25635412.0,336.2779841779993,0.001,100.0,1.0,
S3,A7EM0B6,KSWIN,KSWIN_alpha=0.0001_window_size=100,mod,,18.50628082014015,25.959638959705227,1.402747489460642,4721,38530,713047.0,25965477.0,433.69740546200046,0.0001,100.0,1.0,
S3,A7EM0B6,KSWIN,KSWIN_alpha=0.01_window_size=300,mod,,726.3536724630159,1608.257565330979,2.214152177240995,1967,38530,27986407.0,99657552035.0,103.0540774070032,0.01,300.0,1.0,
S3,A7EM0B6,KSWIN,KSWIN_alpha=0.01_window_size=1000,mod,,531.1325979756034,1103.2640721744488,2.0771914139322423,601,38530,20464539.0,46898392847.0,61.11257402699994,0.01,1000.0,1.0,
S3,A7EM0B6,KSWIN,KSWIN_alpha=0.005_window_size=100,mod,,18.212873085907084,25.639414975998296,1.407763336133813,5286,38530,701742.0,25328836.0,306.8444416969978,0.005,100.0,1.0,
S3,A7EM0B6,KSWIN,KSWIN_alpha=1e-05_window_size=100,mod,,23.315338697119127,44.97949240008059,1.9291803127714509,4259,38530,898340.0,77952152.0,557.7345866860014,1e-05,100.0,1.0,
S3,A7EM0B6,PH,PH_threshold=25_delta=0.005,mod,0.005,16.5085907085388,23.92346673407043,1.4491525749497445,16616,38530,636076.0,22051962.0,126.61447631999908,,,,25.0
S3,A7EM0B6,PH,PH_threshold=25_delta=2,mod,2.0,80.62904230469763,531.9879675202217,6.597969569201082,9551,38530,3106637.0,10904421443.0,95.71592933400098,,,,25.0
S3,A7EM0B6,PH,PH_threshold=25_delta=5,mod,5.0,308.9857254087724,1120.8841118340254,3.627624254651741,5459,38530,11905220.0,48408367334.0,77.4835436100002,,,,25.0
S3,A7EM0B6,KSWIN,KSWIN_alpha=0.01_window_size=100,mod,,131.422034778095,840.4237404790881,6.394846510314169,5449,38530,5063691.0,27214203809.0,253.4849020960028,0.01,100.0,1.0,
S3,A7EM0B6,PH,PH_threshold=25_delta=0.5,mod,0.5,16.868959252530495,25.920943816065,1.5366059890254715,14075,38530,649961.0,25888127.0,114.2973191860001,,,,25.0
S3,A7EM0B6,PH,PH_threshold=50_delta=0.005,mod,0.005,15.822242408512848,23.3227109285306,1.4740458606538775,12707,38530,609631.0,20958349.0,107.62490613599948,,,,50.0
S3,A7EM0B6,PH,PH_threshold=50_delta=5,mod,5.0,607.0552037373475,1564.3748884844506,2.5769895041725124,4265,38530,23389837.0,94293266545.0,73.95762664100039,,,,50.0
S3,A7EM0B6,PH,PH_threshold=50_delta=2,mod,2.0,221.64531533869712,935.4278412842306,4.220381738521292,7312,38530,8539994.0,33714722738.0,84.93445103599879,,,,50.0
S3,A7EM0B6,PH,PH_threshold=50_delta=0.5,mod,0.5,16.790033739942903,25.499141728939342,1.5187069974896938,10718,38530,646920.0,25052446.0,100.17501449200064,,,,50.0
S3,A7EM0B6,PH,PH_threshold=100_delta=0.5,mod,0.5,17.396210744874125,27.01194764060336,1.5527489311752878,7471,38530,670276.0,28113234.0,84.37216559400258,,,,100.0
S3,A7EM0B6,PH,PH_threshold=100_delta=0.005,mod,0.005,18.71824552296912,30.201221522795816,1.6134643327407991,8726,38530,721214.0,35143744.0,93.34743495600196,,,,100.0
S3,A7EM0B6,PH,PH_threshold=100_delta=2,mod,2.0,470.738697119128,1554.6733709596815,3.3026249604592133,5205,38530,18137562.0,93127367958.0,76.0620442449981,,,,100.0
S3,A7EM0B6,PH,PH_threshold=100_delta=5,mod,5.0,454.0347780949909,1325.121712316508,2.918546719871033,3093,38530,17493960.0,67656659196.0,69.96658327800105,,,,100.0
S3,A7EM0B6,PH,PH_threshold=200_delta=2,mod,2.0,249.59826109525045,954.9382950702328,3.825901233766264,3416,38530,9617021.0,35135782389.0,68.04453478600044,,,,200.0
S3,A7EM0B6,PH,PH_threshold=200_delta=5,mod,5.0,526.7727485076564,1268.3656447257144,2.4078042159906445,2066,38530,20296554.0,61985191778.0,63.6585445769997,,,,200.0
S3,A7EM0B6,PH,PH_threshold=200_delta=0.005,mod,0.005,253.0899818323384,1090.3844690022738,4.308287752474565,5483,38530,9751557.0,45809792323.0,76.94076594600119,,,,200.0
S3,A7EM0B6,PH,PH_threshold=200_delta=0.5,mod,0.5,292.98094990916167,1095.8028117467245,3.7401845139981846,4769,38530,11288556.0,46266199900.0,76.21501403000002,,,,200.0
S3,A7EM0B6,PH,PH_threshold=500_delta=0.005,mod,0.005,291.94105891513107,1026.3445879481635,3.5155883580134843,2699,38530,11248489.0,40586855205.0,65.35696086299868,,,,500.0
S3,A7EM0B6,PH,PH_threshold=500_delta=0.5,mod,0.5,523.0948611471581,1411.6338982280515,2.698619319509866,2391,38530,20154845.0,76779126419.0,65.31294158499804,,,,500.0
S3,A7EM0B6,PH,PH_threshold=500_delta=2,mod,2.0,490.5622631715546,1407.083227213379,2.8683071097160755,1760,38530,18901364.0,76284900016.0,61.896980549001455,,,,500.0
S3,A7EM0B6,PH,PH_threshold=500_delta=5,mod,5.0,438.2401764858552,941.0615332948128,2.147364809956412,1093,38530,16885394.0,34122045068.0,60.01739162099693,,,,500.0
S3,A36HR6Y,ADWIN,ADWIN_delta=1e-05,mod,1e-05,55.76182655718005,602.8596374276646,10.811332315477005,2788,24965,1392094.0,9073273170.0,42.544616048002354,,,,
S3,A36HR6Y,ADWIN,ADWIN_delta=0.0001,mod,0.0001,25.06220708992589,457.7174376335244,18.263253351597687,3178,24965,625678.0,5230298634.0,46.10586615200009,,,,
S3,A36HR6Y,ADWIN,ADWIN_delta=0.002,mod,0.002,25.066372922090927,457.7188809778389,18.26027572479194,3935,24965,625782.0,5230331620.0,47.4292862839975,,,,
S3,A36HR6Y,Sem detector (HT),HT,mod,,17.167714800721008,22.747216317392912,1.3249996625315317,0,24965,428592.0,12917786.0,81.72890538200227,,,,
S3,A36HR6Y,ADWIN,ADWIN_delta=0.01,mod,0.01,14.467254155818145,19.50158343466096,1.3479809799856326,4630,24965,361175.0,9494483.0,51.07171871799801,,,,
S3,A36HR6Y,ADWIN,ADWIN_delta=0.05,mod,0.05,62.65571800520729,610.1920227817905,9.738808239833396,5710,24965,1564200.0,9295325916.0,55.0546659190004,,,,
S3,A36HR6Y,KSWIN,KSWIN_alpha=1e-05_window_size=1000,mod,,746.2102143000201,1334.663876370393,1.7885896638688734,380,24965,18629138.0,44470845104.0,65.87389602799885,1e-05,1000.0,1.0,
S3,A36HR6Y,KSWIN,KSWIN_alpha=0.0001_window_size=1000,mod,,869.6783096334868,1564.16471279346,1.7985555066363037,382,24965,21711519.0,61079649825.0,58.87606154799869,0.0001,1000.0,1.0,
S3,A36HR6Y,KSWIN,KSWIN_alpha=0.0001_window_size=300,mod,,1281.815782094933,2786.7329915283417,2.174051084761845,1201,24965,32000531.0,193875213325.0,129.73332431699964,0.0001,300.0,1.0,
S3,A36HR6Y,KSWIN,KSWIN_alpha=1e-05_window_size=300,mod,,954.8303625075104,2293.9661290528547,2.402485529501384,1143,24965,23837340.0,131372835210.0,175.6533560530006,1e-05,300.0,1.0,
S3,A36HR6Y,KSWIN,KSWIN_alpha=0.001_window_size=300,mod,,1252.814139795714,2504.0079205890947,1.998706624589504,1238,24965,31276505.0,156531939711.0,97.80632031700225,0.001,300.0,1.0,
S3,A36HR6Y,KSWIN,KSWIN_alpha=0.001_window_size=1000,mod,,846.8368916483076,2125.5120045188864,2.5099426176175776,386,24965,21141283.0,112786908989.0,49.10757945200021,0.001,1000.0,1.0,
S3,A36HR6Y,KSWIN,KSWIN_alpha=0.005_window_size=1000,mod,,936.7522932104948,1737.1817257292023,1.8544728828743264,388,24965,23386021.0,75339385693.0,45.05281709500196,0.005,1000.0,1.0,
S3,A36HR6Y,KSWIN,KSWIN_alpha=0.005_window_size=300,mod,,782.0148608051272,1677.792964463806,2.1454745281137315,1261,24965,19523001.0,70276206167.0,77.93480819400065,0.005,300.0,1.0,
S3,A36HR6Y,KSWIN,KSWIN_alpha=0.001_window_size=100,mod,,344.8866813538954,1994.2329735750664,5.7822846789747215,3335,24965,8610096.0,99284935042.0,208.82636920699952,0.001,100.0,1.0,
S3,A36HR6Y,KSWIN,KSWIN_alpha=0.01_window_size=1000,mod,,398.4030843180453,1051.0536754896318,2.638166512412277,389,24965,9946133.0,27579180735.0,41.26772195900048,0.01,1000.0,1.0,
S3,A36HR6Y,KSWIN,KSWIN_alpha=0.01_window_size=300,mod,,468.6118565992389,1443.0562816344866,3.079427593033783,1272,24965,11698895.0,51987401399.0,68.24714601999949,0.01,300.0,1.0,
S3,A36HR6Y,KSWIN,KSWIN_alpha=0.0001_window_size=100,mod,,21.16270779090727,30.558090182893896,1.443959368754476,3041,24965,528327.0,23312239.0,315.2696484949993,0.0001,100.0,1.0,
S3,A36HR6Y,KSWIN,KSWIN_alpha=0.005_window_size=100,mod,,73.16398958541959,749.6235438675393,10.245799171358026,3432,24965,1826539.0,14028718697.0,183.6661951160022,0.005,100.0,1.0,
S3,A36HR6Y,KSWIN,KSWIN_alpha=1e-05_window_size=100,mod,,152.44710594832765,813.0112901929307,5.333071330776873,2714,24965,3805842.0,16501549392.0,373.93259272499927,1e-05,100.0,1.0,
S3,A36HR6Y,PH,PH_threshold=25_delta=2,mod,2.0,13.81341878630082,18.964302852880568,1.372889879490806,7595,24965,344852.0,8978532.0,66.24463165500129,,,,25.0
S3,A36HR6Y,PH,PH_threshold=25_delta=5,mod,5.0,480.33298618065294,1121.8262456082357,2.3355178134410237,3932,24965,11991513.0,31418305839.0,51.5781090720011,,,,25.0
S3,A36HR6Y,PH,PH_threshold=25_delta=0.005,mod,0.005,14.644702583617065,21.76857779854071,1.4864472442679089,11874,24965,365605.0,11830189.0,84.11737041599918,,,,25.0
S3,A36HR6Y,KSWIN,KSWIN_alpha=0.01_window_size=100,mod,,270.92701782495493,1746.4004701565527,6.446018134983113,3537,24965,6763693.0,76141118043.0,162.13769531100115,0.01,100.0,1.0,
S3,A36HR6Y,PH,PH_threshold=25_delta=0.5,mod,0.5,14.403084318045265,21.5491956919268,1.4961514642338345,10690,24965,359573.0,11592943.0,81.28978756499782,,,,25.0
S3,A36HR6Y,PH,PH_threshold=50_delta=0.005,mod,0.005,16.7943520929301,26.775356722528763,1.5943072155668545,9472,24965,419271.0,17897901.0,77.15436037000109,,,,50.0
S3,A36HR6Y,PH,PH_threshold=50_delta=5,mod,5.0,515.2070899258963,1189.53552972876,2.308849301549508,2680,24965,12862145.0,35325344595.0,45.984219041998585,,,,50.0
S3,A36HR6Y,PH,PH_threshold=50_delta=2,mod,2.0,13.89289004606449,18.649818820536957,1.3424002319675727,5501,24965,346836.0,8683220.0,57.66982083699986,,,,50.0
S3,A36HR6Y,PH,PH_threshold=50_delta=0.5,mod,0.5,14.927859002603643,22.18945787659537,1.4864461054143925,8183,24965,372674.0,12292068.0,68.33521075700264,,,,50.0
S3,A36HR6Y,PH,PH_threshold=100_delta=0.5,mod,0.5,14.28896455037052,19.83979698894088,1.3884698866039542,5363,24965,356724.0,9826662.0,56.89327810299801,,,,100.0
S3,A36HR6Y,PH,PH_threshold=100_delta=0.005,mod,0.005,14.477348287602643,21.040764227160764,1.453357604526138,6269,24965,361427.0,11052349.0,61.875871674001246,,,,100.0
S3,A36HR6Y,PH,PH_threshold=100_delta=2,mod,2.0,13.99535349489285,19.45412470802574,1.390041681699922,3508,24965,349394.0,9448328.0,50.00070448800034,,,,100.0
S3,A36HR6Y,PH,PH_threshold=100_delta=5,mod,5.0,522.3442419387142,1257.349499665878,2.4071280942987805,1710,24965,13040324.0,39467861636.0,42.06555323599969,,,,100.0
S3,A36HR6Y,PH,PH_threshold=200_delta=0.005,mod,0.005,13.690206288804326,18.36383300151443,1.3413846814369872,3622,24965,341776.0,8418956.0,49.27043305700136,,,,200.0
S3,A36HR6Y,PH,PH_threshold=200_delta=5,mod,5.0,680.35349489285,1560.237072926171,2.2932741356342934,1015,24965,16985025.0,60773291203.0,39.63239256499946,,,,200.0
S3,A36HR6Y,PH,PH_threshold=200_delta=2,mod,2.0,540.1948728219508,1263.409442939506,2.338803099591669,1998,24965,13485965.0,39849218393.0,44.41241517399976,,,,200.0
S3,A36HR6Y,PH,PH_threshold=200_delta=0.5,mod,0.5,15.569797716803524,22.35600383051896,1.435857050756125,3079,24965,388700.0,12477280.0,47.537792794999405,,,,200.0
S3,A36HR6Y,PH,PH_threshold=500_delta=0.005,mod,0.005,673.206368916483,1531.656367596779,2.27516618724502,1559,24965,16806597.0,58567171717.0,42.14001007399929,,,,500.0
S3,A36HR6Y,PH,PH_threshold=500_delta=0.5,mod,0.5,598.404005607851,1436.3745550403328,2.4003424802968727,1337,24965,14939156.0,51507085544.0,44.16744240900152,,,,500.0
S3,A36HR6Y,PH,PH_threshold=500_delta=5,mod,5.0,265.1071099539355,805.967899259326,3.040159501566629,464,24965,6618399.0,16216870917.0,37.64878843800034,,,,500.0
S3,A36HR6Y,PH,PH_threshold=500_delta=2,mod,2.0,708.0746645303425,1562.779299912925,2.2070826400059063,886,24965,17677084.0,60971498736.0,39.64394826599892,,,,500.0
S3,AOYM4KG,ADWIN,ADWIN_delta=1e-05,mod,1e-05,115.09625,224.9643812715895,1.9545761158299209,908,8800,1012847.0,445358961.0,14.060750920998544,,,,
S3,AOYM4KG,Sem detector (HT),HT,mod,,26.929318181818186,35.931361333419126,1.3342841096392422,0,8800,236978.0,11361352.0,14.88239007499942,,,,
S3,AOYM4KG,ADWIN,ADWIN_delta=0.0001,mod,0.0001,105.8371590909091,211.90899499334827,2.002217338537295,1013,8800,931367.0,395167715.0,14.489488351002365,,,,
S3,AOYM4KG,ADWIN,ADWIN_delta=0.002,mod,0.002,86.37875,211.8984686653664,2.4531319180396385,1287,8800,760133.0,395128457.0,15.629154529000516,,,,
S3,AOYM4KG,ADWIN,ADWIN_delta=0.01,mod,0.01,80.82431818181819,194.9950541330821,2.4125790173006023,1511,8800,711254.0,334603026.0,16.180151208998723,,,,
S3,AOYM4KG,ADWIN,ADWIN_delta=0.05,mod,0.05,32.39125,80.11444583730317,2.4733360348027067,1848,8800,285043.0,56481255.0,18.381038055998943,,,,
S3,AOYM4KG,KSWIN,KSWIN_alpha=1e-05_window_size=1000,mod,,128.23579545454547,207.7045790518132,1.6197082750224467,134,8800,1128475.0,379642491.0,22.35176891000083,1e-05,1000.0,1.0,
S3,AOYM4KG,KSWIN,KSWIN_alpha=0.0001_window_size=1000,mod,,112.96568181818182,176.06180732913086,1.5585424218702295,135,8800,994098.0,272780288.0,18.900635412002885,0.0001,1000.0,1.0,
S3,AOYM4KG,KSWIN,KSWIN_alpha=1e-05_window_size=300,mod,,132.09522727272727,254.8593934987397,1.9293611038084693,420,8800,1162438.0,571589132.0,46.11215990900018,1e-05,300.0,1.0,
S3,AOYM4KG,KSWIN,KSWIN_alpha=0.0001_window_size=300,mod,,175.86602272727274,296.3292063275695,1.6849713306310858,434,8800,1547621.0,772736787.0,34.689178631000686,0.0001,300.0,1.0,
S3,AOYM4KG,KSWIN,KSWIN_alpha=0.001_window_size=1000,mod,,107.67272727272729,169.1562786032759,1.5710225132016504,136,8800,947520.0,251801850.0,16.611184625002352,0.001,1000.0,1.0,
S3,AOYM4KG,KSWIN,KSWIN_alpha=0.001_window_size=300,mod,,151.73625,267.7059290187989,1.7642845992226568,443,8800,1335279.0,630664887.0,28.576509553000506,0.001,300.0,1.0,
S3,AOYM4KG,KSWIN,KSWIN_alpha=0.005_window_size=1000,mod,,116.18738636363636,201.76390033222677,1.7365387642059362,137,8800,1022449.0,358236309.0,14.625725941001292,0.005,1000.0,1.0,
S3,AOYM4KG,KSWIN,KSWIN_alpha=0.005_window_size=300,mod,,124.57102272727272,249.57588183847923,2.0034826428685872,448,8800,1096225.0,548135463.0,23.605287988000786,0.005,300.0,1.0,
S3,AOYM4KG,KSWIN,KSWIN_alpha=0.001_window_size=100,mod,,36.06409090909091,106.55413583543512,2.9545770640394915,1205,8800,317364.0,99913298.0,64.50659529899713,0.001,100.0,1.0,
S3,AOYM4KG,KSWIN,KSWIN_alpha=0.0001_window_size=100,mod,,36.99977272727273,103.53215135230391,2.7981834406239425,1134,8800,325598.0,94326376.0,83.67575387100078,0.0001,100.0,1.0,
S3,AOYM4KG,KSWIN,KSWIN_alpha=0.01_window_size=1000,mod,,106.70272727272727,166.88434754207913,1.564012015508567,137,8800,938984.0,245083392.0,13.7652721509985,0.01,1000.0,1.0,
S3,AOYM4KG,KSWIN,KSWIN_alpha=0.005_window_size=100,mod,,22.88125,31.795892030260763,1.3896046776404594,1246,8800,201355.0,8896613.0,54.37078911500066,0.005,100.0,1.0,
S3,AOYM4KG,KSWIN,KSWIN_alpha=0.01_window_size=300,mod,,139.74738636363637,252.07928383924985,1.8038210974716544,452,8800,1229777.0,559186895.0,20.92652649999945,0.01,300.0,1.0,
S3,AOYM4KG,KSWIN,KSWIN_alpha=1e-05_window_size=100,mod,,40.201136363636365,115.99965811078144,2.8854820685046123,1027,8800,353770.0,118412102.0,112.47488154299936,1e-05,100.0,1.0,
S3,AOYM4KG,PH,PH_threshold=25_delta=0.005,mod,0.005,21.532613636363635,31.417708165358537,1.4590754608767629,3830,8800,189487.0,8686237.0,27.81510100200103,,,,25.0
S3,AOYM4KG,PH,PH_threshold=25_delta=2,mod,2.0,58.58011363636364,154.11788618103057,2.630890870880145,2641,8800,515505.0,209020441.0,22.296914456001105,,,,25.0
S3,AOYM4KG,PH,PH_threshold=25_delta=0.5,mod,0.5,21.693977272727277,32.401117054256574,1.4935535631352326,3383,8800,190907.0,9238525.0,24.958509520998632,,,,25.0
S3,AOYM4KG,PH,PH_threshold=25_delta=5,mod,5.0,127.89795454545454,247.0558172117828,1.9316635523203765,2006,8800,1125502.0,537121876.0,20.16669971399824,,,,25.0
S3,AOYM4KG,KSWIN,KSWIN_alpha=0.01_window_size=100,mod,,21.86465909090909,30.951665030847987,1.4156024524396589,1274,8800,192409.0,8430449.0,49.56919619299879,0.01,100.0,1.0,
S3,AOYM4KG,PH,PH_threshold=50_delta=0.005,mod,0.005,22.988636363636363,34.973840873637904,1.5213534339496468,3159,8800,202300.0,10763892.0,24.32393588600098,,,,50.0
S3,AOYM4KG,PH,PH_threshold=50_delta=5,mod,5.0,167.3159090909091,273.97437670502893,1.637467579703782,1694,8800,1472380.0,660545240.0,18.879907131002252,,,,50.0
S3,AOYM4KG,PH,PH_threshold=50_delta=2,mod,2.0,84.55443181818181,194.22957801857245,2.2970951828548283,2247,8800,744079.0,331981135.0,21.212442437998103,,,,50.0
S3,AOYM4KG,PH,PH_threshold=50_delta=0.5,mod,0.5,38.962272727272726,107.0618863088074,2.747834733826152,2826,8800,342868.0,100867778.0,23.6478441520012,,,,50.0
S3,AOYM4KG,PH,PH_threshold=100_delta=0.005,mod,0.005,39.13943181818182,108.1156877230043,2.76232133939104,2458,8800,344427.0,102863217.0,21.70813894900129,,,,100.0
S3,AOYM4KG,PH,PH_threshold=100_delta=0.5,mod,0.5,57.84284090909091,149.11296549017032,2.577898373361791,2242,8800,509017.0,195665153.0,21.873153156000622,,,,100.0
S3,AOYM4KG,PH,PH_threshold=100_delta=2,mod,2.0,156.29181818181817,262.83787519374687,1.681712313871613,1796,8800,1375368.0,607936988.0,19.17430975499883,,,,100.0
S3,AOYM4KG,PH,PH_threshold=100_delta=5,mod,5.0,170.4296590909091,259.3049369775074,1.5214777660218826,1319,8800,1499781.0,591703643.0,17.32465167400005,,,,100.0
S3,AOYM4KG,PH,PH_threshold=200_delta=0.005,mod,0.005,136.19431818181818,265.62304673078626,1.9503239949862072,1720,8800,1198510.0,620889306.0,18.681667449000088,,,,200.0
S3,AOYM4KG,PH,PH_threshold=200_delta=2,mod,2.0,159.9575,271.6541944524994,1.6982898235625048,1255,8800,1407626.0,649404812.0,16.979185135998705,,,,200.0
S3,AOYM4KG,PH,PH_threshold=200_delta=0.5,mod,0.5,140.54988636363638,269.8577026121191,1.920013666278835,1570,8800,1236839.0,640843981.0,18.188922411998647,,,,200.0
S3,AOYM4KG,PH,PH_threshold=200_delta=5,mod,5.0,148.08079545454547,228.15206377446043,1.540726892195102,894,8800,1303111.0,458069605.0,16.170976306999364,,,,200.0
S3,AOYM4KG,PH,PH_threshold=500_delta=0.005,mod,0.005,132.76295454545453,234.02197449268425,1.762705381888449,844,8800,1168314.0,481943304.0,15.436257679997652,,,,500.0
S3,AOYM4KG,PH,PH_threshold=500_delta=0.5,mod,0.5,149.56272727272727,256.5235918620706,1.715157222255652,781,8800,1316152.0,579078308.0,15.279633840000317,,,,500.0
S3,AOYM4KG,PH,PH_threshold=500_delta=5,mod,5.0,144.27511363636364,219.5549990631877,1.5217801152911394,425,8800,1269621.0,424198699.0,14.04968769399784,,,,500.0
S3,AOYM4KG,PH,PH_threshold=500_delta=2,mod,2.0,155.4831818181818,269.28900494045087,1.7319494095210295,621,8800,1368252.0,638145800.0,16.32712270099728,,,,500.0
S3,A4G0044,ADWIN,ADWIN_delta=1e-05,mod,1e-05,98.34013422818792,244.154372444756,2.482754110119694,657,7450,732634.0,444104614.0,11.732219232002535,,,,
S3,A4G0044,Sem detector (HT),HT,mod,,24.011543624161074,31.2210262999389,1.3002506956080675,0,7450,178886.0,7261906.0,12.013310170001205,,,,
S3,A4G0044,ADWIN,ADWIN_delta=0.0001,mod,0.0001,71.57489932885906,190.5216558354506,2.661850140509133,757,7450,533233.0,270423835.0,11.916870877001202,,,,
S3,A4G0044,ADWIN,ADWIN_delta=0.002,mod,0.002,50.26174496644296,145.65976629384835,2.8980244595785023,975,7450,374450.0,158064918.0,12.457245550998778,,,,
S3,A4G0044,ADWIN,ADWIN_delta=0.01,mod,0.01,39.03718120805369,128.7686990395919,3.298616730375652,1165,7450,290827.0,123531265.0,13.277797693997854,,,,
S3,A4G0044,ADWIN,ADWIN_delta=0.05,mod,0.05,39.01973154362416,128.7786452137436,3.300346776342342,1432,7450,290697.0,123550349.0,14.782832230997885,,,,
S3,A4G0044,KSWIN,KSWIN_alpha=1e-05_window_size=1000,mod,,106.42107382550336,168.2996221587914,1.5814501405496917,114,7450,792837.0,211019483.0,16.57323288200132,1e-05,1000.0,1.0,
S3,A4G0044,KSWIN,KSWIN_alpha=0.0001_window_size=1000,mod,,123.34993288590604,209.553322009222,1.6988523390851842,115,7450,918957.0,327148831.0,13.202594627997314,0.0001,1000.0,1.0,
S3,A4G0044,KSWIN,KSWIN_alpha=0.0001_window_size=300,mod,,125.03087248322149,279.3828462255703,2.234510890604735,359,7450,931480.0,581508072.0,36.16924190999998,0.0001,300.0,1.0,
S3,A4G0044,KSWIN,KSWIN_alpha=1e-05_window_size=300,mod,,149.66469798657718,283.949950216914,1.897240658865194,340,7450,1115002.0,600675428.0,52.3944032090003,1e-05,300.0,1.0,
S3,A4G0044,KSWIN,KSWIN_alpha=0.001_window_size=300,mod,,127.0055033557047,272.3009830484046,2.144009321279334,369,7450,946191.0,552401299.0,27.72456074900037,0.001,300.0,1.0,
S3,A4G0044,KSWIN,KSWIN_alpha=0.001_window_size=1000,mod,,125.77664429530202,197.44260367247605,1.5697874973426276,116,7450,937036.0,290427684.0,12.50086717999875,0.001,1000.0,1.0,
S3,A4G0044,KSWIN,KSWIN_alpha=0.005_window_size=1000,mod,,118.34765100671142,185.2823747399135,1.565577120997579,116,7450,881690.0,255755210.0,11.84402576499997,0.005,1000.0,1.0,
S3,A4G0044,KSWIN,KSWIN_alpha=0.005_window_size=300,mod,,157.10778523489932,309.24108641996673,1.9683371257357212,377,7450,1170453.0,712443869.0,21.58419963599954,0.005,300.0,1.0,
S3,A4G0044,KSWIN,KSWIN_alpha=0.001_window_size=100,mod,,38.20765100671141,180.35459666144567,4.720379084015536,975,7450,284647.0,242331965.0,66.72127713100053,0.001,100.0,1.0,
S3,A4G0044,KSWIN,KSWIN_alpha=0.01_window_size=300,mod,,137.43503355704698,262.5566418915017,1.91040548465773,380,7450,1023891.0,513573127.0,18.842490620998436,0.01,300.0,1.0,
S3,A4G0044,KSWIN,KSWIN_alpha=0.0001_window_size=100,mod,,50.54281879194631,210.93803600478756,4.173452154955775,875,7450,376544.0,331486670.0,92.95866396900236,0.0001,100.0,1.0,
S3,A4G0044,KSWIN,KSWIN_alpha=0.01_window_size=1000,mod,,122.49624161073824,188.6864360279763,1.5403446958607396,116,7450,912597.0,265239155.0,11.976412068997888,0.01,1000.0,1.0,
S3,A4G0044,KSWIN,KSWIN_alpha=0.005_window_size=100,mod,,20.29288590604027,28.008057325844383,1.380190942556261,1014,7450,151182.0,5844162.0,57.09460467000099,0.005,100.0,1.0,
S3,A4G0044,PH,PH_threshold=25_delta=0.005,mod,0.005,21.628187919463087,30.19444813184333,1.3960692520463776,3533,7450,161130.0,6792200.0,24.06390405600177,,,,25.0
S3,A4G0044,KSWIN,KSWIN_alpha=0.01_window_size=100,mod,,20.53906040268456,28.173494135660214,1.371703163791163,1049,7450,153016.0,5913406.0,49.069721515999845,0.01,100.0,1.0,
S3,A4G0044,KSWIN,KSWIN_alpha=1e-05_window_size=100,mod,,50.75234899328859,215.39657104696892,4.244070970497398,771,7450,378105.0,345647837.0,122.94922573899748,1e-05,100.0,1.0,
S3,A4G0044,PH,PH_threshold=25_delta=2,mod,2.0,50.18161073825503,155.7628842419867,3.103983350682758,2543,7450,373853.0,180752467.0,20.81243180599995,,,,25.0
S3,A4G0044,PH,PH_threshold=25_delta=0.5,mod,0.5,22.428053691275167,32.47164379896268,1.4478137178525934,3232,7450,167089.0,7855337.0,22.679330705999742,,,,25.0
S3,A4G0044,PH,PH_threshold=25_delta=5,mod,5.0,119.12053691275167,274.2760193037311,2.3025082526669696,1728,7450,887448.0,560443644.0,17.299734008000087,,,,25.0
S3,A4G0044,PH,PH_threshold=50_delta=0.005,mod,0.005,22.973825503355705,32.05974498217582,1.3954900535608652,2971,7450,171155.0,7657313.0,22.07065432599848,,,,50.0
S3,A4G0044,PH,PH_threshold=50_delta=5,mod,5.0,163.0248322147651,317.79590618284743,1.949371159383808,1243,7450,1214535.0,752407073.0,15.145372923998366,,,,50.0
S3,A4G0044,PH,PH_threshold=50_delta=2,mod,2.0,67.47530201342282,199.32602176590024,2.9540589788875407,2031,7450,502691.0,295994929.0,18.580774738999025,,,,50.0
S3,A4G0044,PH,PH_threshold=50_delta=0.5,mod,0.5,32.70228187919463,91.29149713781908,2.791594099612334,2645,7450,243632.0,62089324.0,20.518050005000987,,,,50.0
S3,A4G0044,PH,PH_threshold=100_delta=0.5,mod,0.5,63.088322147651006,193.9098891255192,3.0736257127221616,1892,7450,470008.0,280127786.0,17.421349712003575,,,,100.0
S3,A4G0044,PH,PH_threshold=100_delta=0.005,mod,0.005,31.61785234899329,93.18963778556083,2.94737405807792,2128,7450,235553.0,64698099.0,18.328688451001653,,,,100.0
S3,A4G0044,PH,PH_threshold=100_delta=5,mod,5.0,162.97879194630872,324.6358029604227,1.9918898593098533,787,7450,1214192.0,785143614.0,14.83550510799978,,,,100.0
S3,A4G0044,PH,PH_threshold=200_delta=0.005,mod,0.005,96.2786577181208,241.02636687757075,2.503424669496682,1250,7450,717276.0,432798136.0,15.023003762998997,,,,200.0
S3,A4G0044,PH,PH_threshold=100_delta=2,mod,2.0,137.03194630872483,286.5910047905301,2.0914174578302904,1354,7450,1020888.0,611901310.0,15.582282873998338,,,,100.0
S3,A4G0044,PH,PH_threshold=200_delta=0.5,mod,0.5,119.26255033557048,277.3385453283265,2.325445368625572,1105,7450,888506.0,573029182.0,14.673093560999405,,,,200.0
S3,A4G0044,PH,PH_threshold=200_delta=5,mod,5.0,147.9828187919463,299.6623939295194,2.0249809834398693,445,7450,1102472.0,668991750.0,12.029816272999597,,,,200.0
S3,A4G0044,PH,PH_threshold=200_delta=2,mod,2.0,163.1711409395973,339.1958304717143,2.0787734186235656,774,7450,1215625.0,857150895.0,13.211119241001144,,,,200.0
S3,A4G0044,PH,PH_threshold=500_delta=5,mod,5.0,115.868322147651,251.72366733779043,2.1724977342557783,260,7450,863219.0,472067795.0,10.082228455001314,,,,500.0
S3,A4G0044,PH,PH_threshold=500_delta=2,mod,2.0,142.2,303.9686667003204,2.1376136898756712,368,7450,1059390.0,688357280.0,10.171885738000128,,,,500.0
S3,A4G0044,PH,PH_threshold=500_delta=0.005,mod,0.005,114.94013422818792,279.25645522572063,2.429581774033076,562,7450,856304.0,580982050.0,10.963530073000584,,,,500.0
S3,A4G0044,PH,PH_threshold=500_delta=0.5,mod,0.5,133.30885906040268,307.96900327770936,2.3101915765265653,499,7450,993151.0,706594557.0,10.610949591002282,,,,500.0
