scenario,metric,friedman_p,method_1,method_2,rank_1,rank_2,p_wilcoxon,significativo_holm
S1,mae,3.4915644042265773e-06,HT,Média,3.3,4.166666666666667,0.0005548261106014252,True
S1,mae,3.4915644042265773e-06,HT+PH,Média,2.0,4.166666666666667,0.008142979815602303,False
S1,mae,3.4915644042265773e-06,HT+KSWIN,HT+PH,2.7666666666666666,2.0,0.049710121005773544,False
S1,mae,3.4915644042265773e-06,HT,HT+PH,3.3,2.0,0.0635564886033535,False
S1,mae,3.4915644042265773e-06,HT+ADWIN,HT+PH,2.7666666666666666,2.0,0.07324407435953617,False
S1,mae,3.4915644042265773e-06,HT+ADWIN,Média,2.7666666666666666,4.166666666666667,0.46454504504799843,False
S1,mae,3.4915644042265773e-06,HT+KSWIN,Média,2.7666666666666666,4.166666666666667,0.685047073289752,False
S1,mae,3.4915644042265773e-06,HT+ADWIN,HT+KSWIN,2.7666666666666666,2.7666666666666666,0.7151329666376114,False
S1,mae,3.4915644042265773e-06,HT,HT+ADWIN,3.3,2.7666666666666666,0.7303419969975948,False
S1,mae,3.4915644042265773e-06,HT,HT+KSWIN,3.3,2.7666666666666666,0.8393927440047264,False
S1,rmse,0.12568912325754356,HT+PH,Média,2.6,3.566666666666667,0.2988441474735737,False
S1,rmse,0.12568912325754356,HT,HT+PH,3.1666666666666665,2.6,0.42795460671186447,False
S1,rmse,0.12568912325754356,HT+KSWIN,HT+PH,2.7,2.6,0.46454504504799843,False
S1,rmse,0.12568912325754356,HT+ADWIN,HT+PH,2.966666666666667,2.6,0.4898460879921913,False
S1,rmse,0.12568912325754356,HT,Média,3.1666666666666665,3.566666666666667,0.6408254038542509,False
S1,rmse,0.12568912325754356,HT,HT+KSWIN,3.1666666666666665,2.7,0.7456546742469072,False
S1,rmse,0.12568912325754356,HT,HT+ADWIN,3.1666666666666665,2.966666666666667,0.8235769439488649,False
S1,rmse,0.12568912325754356,HT+ADWIN,HT+KSWIN,2.966666666666667,2.7,0.8871948085725307,False
S1,rmse,0.12568912325754356,HT+KSWIN,Média,2.7,3.566666666666667,0.9032264724373817,False
S1,rmse,0.12568912325754356,HT+ADWIN,Média,2.966666666666667,3.566666666666667,0.9192965272814035,False
S2,mae,1.0467389909964098e-06,HT+PH,Média,1.8,4.0,1.862645149230957e-09,True
S2,mae,1.0467389909964098e-06,HT,HT+PH,3.066666666666667,1.8,1.30385160446167e-07,True
S2,mae,1.0467389909964098e-06,HT+KSWIN,HT+PH,3.466666666666667,1.8,0.00020912662148475647,True
S2,mae,1.0467389909964098e-06,HT,Média,3.066666666666667,4.0,0.00023163668811321259,True
S2,mae,1.0467389909964098e-06,HT,HT+KSWIN,3.066666666666667,3.466666666666667,0.009301122277975082,False
S2,mae,1.0467389909964098e-06,HT+ADWIN,HT+KSWIN,2.6666666666666665,3.466666666666667,0.010598260909318924,False
S2,mae,1.0467389909964098e-06,HT+ADWIN,HT+PH,2.6666666666666665,1.8,0.01283373311161995,False
S2,mae,1.0467389909964098e-06,HT+KSWIN,Média,3.466666666666667,4.0,0.022098854184150696,False
S2,mae,1.0467389909964098e-06,HT,HT+ADWIN,3.066666666666667,2.6666666666666665,0.5158484429121017,False
S2,mae,1.0467389909964098e-06,HT+ADWIN,Média,2.6666666666666665,4.0,0.8552717231214046,False
S2,rmse,0.018794715521455407,HT+PH,Média,2.466666666666667,3.6333333333333333,4.968419671058655e-05,True
S2,rmse,0.018794715521455407,HT+KSWIN,HT+PH,3.3666666666666667,2.466666666666667,0.005382779985666275,True
S2,rmse,0.018794715521455407,HT,HT+KSWIN,2.6,3.3666666666666667,0.00577649287879467,True
S2,rmse,0.018794715521455407,HT+KSWIN,Média,3.3666666666666667,3.6333333333333333,0.007612137123942375,False
S2,rmse,0.018794715521455407,HT+ADWIN,HT+KSWIN,2.933333333333333,3.3666666666666667,0.015460003167390823,False
S2,rmse,0.018794715521455407,HT,Média,2.6,3.6333333333333333,0.017453668639063835,False
S2,rmse,0.018794715521455407,HT,HT+PH,2.6,2.466666666666667,0.0803273618221283,False
S2,rmse,0.018794715521455407,HT+ADWIN,HT+PH,2.933333333333333,2.466666666666667,0.09610157273709774,False
S2,rmse,0.018794715521455407,HT,HT+ADWIN,2.6,2.933333333333333,0.10483990423381329,False
S2,rmse,0.018794715521455407,HT+ADWIN,Média,2.933333333333333,3.6333333333333333,0.42795460671186447,False
S3,mae,1.9760452189607694e-10,HT,Média,3.033333333333333,4.3,1.862645149230957e-09,True
S3,mae,1.9760452189607694e-10,HT+PH,Média,1.6666666666666667,4.3,1.862645149230957e-09,True
S3,mae,1.9760452189607694e-10,HT,HT+PH,3.033333333333333,1.6666666666666667,3.1478703022003174e-07,True
S3,mae,1.9760452189607694e-10,HT+KSWIN,HT+PH,3.6333333333333333,1.6666666666666667,1.0609626770019531e-05,True
S3,mae,1.9760452189607694e-10,HT+ADWIN,HT+KSWIN,2.3666666666666667,3.6333333333333333,0.0021877754479646683,True
S3,mae,1.9760452189607694e-10,HT,HT+KSWIN,3.033333333333333,3.6333333333333333,0.054921628907322884,False
S3,mae,1.9760452189607694e-10,HT+ADWIN,HT+PH,2.3666666666666667,1.6666666666666667,0.06666470877826214,False
S3,mae,1.9760452189607694e-10,HT+ADWIN,Média,2.3666666666666667,4.3,0.10039735585451126,False
S3,mae,1.9760452189607694e-10,HT+KSWIN,Média,3.6333333333333333,4.3,0.308520769700408,False
S3,mae,1.9760452189607694e-10,HT,HT+ADWIN,3.033333333333333,2.3666666666666667,0.935398668050766,False
S3,rmse,1.79673501033166e-06,HT,Média,2.1666666666666665,4.133333333333334,1.862645149230957e-09,True
S3,rmse,1.79673501033166e-06,HT+PH,Média,2.533333333333333,4.133333333333334,6.146728992462158e-08,True
S3,rmse,1.79673501033166e-06,HT,HT+KSWIN,2.1666666666666665,3.566666666666667,0.0009517744183540344,True
S3,rmse,1.79673501033166e-06,HT+KSWIN,HT+PH,3.566666666666667,2.533333333333333,0.0023674946278333664,True
S3,rmse,1.79673501033166e-06,HT+ADWIN,HT+KSWIN,2.6,3.566666666666667,0.023410143330693245,False
S3,rmse,1.79673501033166e-06,HT+KSWIN,Média,3.566666666666667,4.133333333333334,0.047259049490094185,False
S3,rmse,1.79673501033166e-06,HT,HT+ADWIN,2.1666666666666665,2.6,0.10943205840885639,False
S3,rmse,1.79673501033166e-06,HT,HT+PH,2.1666666666666665,2.533333333333333,0.15188691951334476,False
S3,rmse,1.79673501033166e-06,HT+ADWIN,HT+PH,2.6,2.533333333333333,0.5027610473334789,False
S3,rmse,1.79673501033166e-06,HT+ADWIN,Média,2.6,4.133333333333334,0.9838335812091827,False
